t,bytes,objects_done,errors,workers
1,2348810240,0,0,64
2,2130706432,0,0,64
3,1979711488,8,0,64
4,2214592512,24,0,64
5,2046820352,11,0,64
6,2231369728,10,0,64
7,1996488704,26,0,64
8,2113929216,13,0,64
9,2164260864,9,0,64
10,2080374784,24,0,64
11,2063597568,12,0,64
12,2181038080,15,0,64
13,2030043136,24,0,64
14,2181038080,8,0,64
15,2063597568,14,0,64
16,2147483648,20,0,64
17,2046820352,9,0,64
18,2164260864,22,0,64
19,2097152000,13,0,64
20,2080374784,13,0,64
21,2147483648,24,0,64
22,2080374784,14,0,64
23,2164260864,13,0,64
24,1946157056,17,0,64
25,2248146944,20,0,64
26,2113929216,11,0,64
27,2030043136,13,0,64
28,2113929216,21,0,64
29,2130706432,13,0,64
30,2130706432,10,0,64
31,2046820352,21,0,64
32,2097152000,15,0,64
33,2130706432,14,0,64
34,2130706432,18,0,64
35,2046820352,13,0,64
36,2164260864,21,0,64
37,2164260864,14,0,64
38,1962934272,10,0,64
39,2197815296,22,0,64
40,2147483648,16,0,64
41,2013265920,15,0,64
42,2013265920,17,0,64
43,2147483648,10,0,64
44,2147483648,21,0,64
45,2147483648,16,0,64
46,2046820352,11,0,64
47,2063597568,13,0,64
48,2231369728,20,0,64
49,2046820352,14,0,64
50,2130706432,17,0,64
51,2046820352,13,0,64
52,2130706432,18,0,64
53,2097152000,14,0,64
54,2147483648,19,0,64
55,2113929216,15,0,64
56,2080374784,17,0,64
57,2130706432,17,0,64
58,2113929216,12,0,64
59,2013265920,14,0,64
60,2214592512,22,0,64
61,2063597568,12,0,64
62,2097152000,12,0,64
63,2130706432,25,0,64
64,2080374784,9,0,64
65,2097152000,17,0,64
66,2113929216,14,0,64
67,1996488704,12,0,64
68,2197815296,19,0,64
69,2097152000,21,0,64
70,2113929216,11,0,64
71,2080374784,17,0,64
72,2130706432,16,0,64
73,2030043136,16,0,64
74,2147483648,16,0,64
75,2130706432,19,0,64
76,2080374784,12,0,64
77,2030043136,12,0,64
78,2164260864,21,0,64
79,2113929216,12,0,64
80,2030043136,17,0,64
81,2181038080,16,0,64
82,2097152000,18,0,64
83,2046820352,12,0,64
84,2181038080,13,0,64
85,2063597568,22,0,64
86,2080374784,10,0,64
87,2130706432,20,0,64
88,1996488704,11,0,64
89,2147483648,19,0,64
90,2164260864,15,0,64
91,2046820352,14,0,64
92,2063597568,17,0,64
93,2181038080,18,0,64
94,2046820352,14,0,64
95,2147483648,18,0,64
96,2063597568,11,0,64
97,2013265920,18,0,64
98,2080374784,16,0,64
99,2214592512,12,0,64
100,2097152000,19,0,64
101,2013265920,13,0,64
102,2063597568,15,0,64
103,2214592512,18,0,64
104,2130706432,20,0,64
105,1962934272,10,0,64
106,2147483648,13,0,64
107,2063597568,18,0,64
108,2164260864,17,0,64
109,2097152000,18,0,64
110,2097152000,14,0,64
111,2080374784,12,0,64
112,2080374784,17,0,64
113,2097152000,16,0,64
114,2080374784,19,0,64
115,2164260864,14,0,64
116,2013265920,11,0,64
117,2080374784,23,0,64
118,2197815296,15,0,64
119,2046820352,11,0,64
120,2030043136,18,0,64
121,2147483648,15,0,64
122,2147483648,17,0,64
123,2063597568,16,0,64
124,2046820352,14,0,64
125,2113929216,12,0,64
126,2130706432,19,0,64
127,2013265920,17,0,64
128,2130706432,14,0,64
129,2097152000,17,0,64
130,2164260864,13,0,64
131,2013265920,19,0,64
132,2147483648,15,0,64
133,2063597568,15,0,64
134,2046820352,11,0,64
135,2130706432,20,0,64
136,2063597568,15,0,64
137,2181038080,17,0,64
138,2013265920,17,0,64
139,2113929216,9,0,64
140,2080374784,16,0,64
141,2164260864,22,0,64
142,2130706432,17,0,64
143,2013265920,11,0,64
144,2130706432,18,0,64
145,2097152000,15,0,64
146,2113929216,16,0,64
147,2080374784,11,0,64
148,2080374784,21,0,64
149,2113929216,13,0,64
150,2097152000,16,0,64
151,2046820352,18,0,64
152,2130706432,6,0,64
153,2013265920,23,0,64
154,2181038080,19,0,64
155,2046820352,12,0,64
156,2214592512,15,0,64
157,1996488704,18,0,64
158,2113929216,16,0,64
159,2147483648,11,0,64
160,2030043136,19,0,64
161,2113929216,18,0,64
162,2147483648,11,0,64
163,2080374784,18,0,64
164,2080374784,16,0,64
165,2080374784,14,0,64
166,2147483648,17,0,64
167,2046820352,15,0,64
168,2080374784,15,0,64
169,2097152000,15,0,64
170,2113929216,17,0,64
171,2113929216,18,0,64
172,2013265920,14,0,64
173,2097152000,16,0,64
174,2113929216,16,0,64
175,2181038080,12,0,64
176,2046820352,17,0,64
177,2113929216,13,0,64
178,2097152000,16,0,64
179,2113929216,22,0,64
180,2097152000,13,0,64
181,2080374784,15,0,64
182,2013265920,12,0,64
183,2214592512,20,0,64
184,2113929216,15,0,64
185,2063597568,15,0,64
186,2097152000,16,0,64
187,2113929216,15,0,64
188,2046820352,14,0,64
189,2164260864,18,0,64
190,2030043136,15,0,64
191,2231369728,13,0,64
192,2046820352,18,0,64
193,2080374784,16,0,64
194,2113929216,17,0,64
195,2113929216,17,0,64
196,2080374784,10,0,64
197,2030043136,16,0,64
198,2130706432,24,0,64
199,2097152000,9,0,64
200,2030043136,16,0,64
201,2214592512,16,0,64
202,2080374784,17,0,64
203,2113929216,15,0,64
204,1979711488,12,0,64
205,2181038080,19,0,64
206,2080374784,13,0,64
207,2030043136,21,0,64
208,2264924160,15,0,64
209,1929379840,9,0,64
210,2164260864,18,0,64
211,2030043136,15,0,64
212,2147483648,21,0,64
213,2164260864,15,0,64
214,1962934272,8,0,64
215,2264924160,22,0,64
216,1962934272,12,0,64
217,2130706432,19,0,64
218,2147483648,8,0,64
219,2063597568,20,0,64
220,2181038080,23,0,64
221,2181038080,16,0,64
222,1979711488,7,0,64
223,2080374784,17,0,64
224,2080374784,17,0,64
225,2080374784,14,0,64
226,2181038080,19,0,64
227,2097152000,19,0,64
228,2080374784,9,0,64
229,2046820352,14,0,64
230,2113929216,21,0,64
231,2181038080,16,0,64
232,2046820352,12,0,64
233,2080374784,17,0,64
234,2164260864,18,0,64
235,2046820352,15,0,64
236,2046820352,15,0,64
237,2214592512,14,0,64
238,1979711488,15,0,64
239,2130706432,17,0,64
240,2097152000,13,0,64
241,2147483648,17,0,64
242,1946157056,17,0,64
243,2181038080,15,0,64
244,2097152000,16,0,64
245,2130706432,17,0,64
246,2164260864,12,0,64
247,2013265920,19,0,64
248,2113929216,13,0,64
249,2097152000,17,0,64
250,2030043136,14,0,64
251,2113929216,15,0,64
252,2113929216,17,0,64
253,2063597568,21,0,64
254,2181038080,14,0,64
255,2080374784,14,0,64
256,2046820352,15,0,64
257,2097152000,13,0,64
258,2113929216,15,0,64
259,2097152000,17,0,64
260,2113929216,14,0,64
261,2080374784,18,0,64
262,2046820352,18,0,64
263,2130706432,12,0,64
264,2063597568,20,0,64
265,2097152000,18,0,64
266,2046820352,12,0,64
267,2063597568,12,0,64
268,2130706432,14,0,64
269,2113929216,19,0,64
270,2030043136,17,0,64
271,2130706432,18,0,64
272,2080374784,11,0,64
273,2164260864,17,0,64
274,2046820352,13,0,64
275,2147483648,18,0,64
276,2013265920,13,0,64
277,2130706432,22,0,64
278,2097152000,11,0,64
279,2046820352,14,0,64
280,2130706432,22,0,64
281,2181038080,9,0,64
282,2013265920,14,0,64
283,2013265920,19,0,64
284,2113929216,18,0,64
285,2130706432,11,0,64
286,2080374784,19,0,64
287,2113929216,18,0,64
288,2046820352,10,0,64
289,2147483648,19,0,64
290,2130706432,15,0,64
291,1962934272,13,0,64
292,2147483648,17,0,64
293,2046820352,17,0,64
294,2231369728,17,0,64
295,2046820352,9,0,64
296,2147483648,20,0,64
297,2013265920,13,0,64
298,2181038080,23,0,64
299,2097152000,11,0,64
300,2097152000,15,0,64
301,2046820352,16,0,64
302,2097152000,19,0,64
303,2097152000,12,0,64
304,2030043136,14,0,64
305,2147483648,18,0,64
306,2063597568,16,0,64
307,2063597568,16,0,64
308,2214592512,15,0,64
309,1962934272,16,0,64
310,2181038080,14,0,64
311,2097152000,15,0,64
312,2113929216,21,0,64
313,2013265920,13,0,64
314,2181038080,12,0,64
315,2046820352,24,0,64
316,2164260864,11,0,64
317,2013265920,7,0,64
318,2063597568,20,0,64
319,2147483648,21,0,64
320,2097152000,17,0,64
321,2013265920,9,0,64
322,2181038080,12,0,64
323,2147483648,24,0,64
324,2097152000,17,0,64
325,2030043136,16,0,64
326,2097152000,9,0,64
327,1996488704,16,0,64
328,2097152000,18,0,64
329,2181038080,16,0,64
330,2097152000,11,0,64
331,2080374784,17,0,64
332,2130706432,21,0,64
333,2130706432,14,0,64
334,2097152000,16,0,64
335,2080374784,12,0,64
336,2046820352,18,0,64
337,2063597568,13,0,64
338,2164260864,19,0,64
339,2164260864,17,0,64
340,2030043136,15,0,64
341,2130706432,14,0,64
342,2097152000,16,0,64
343,2063597568,14,0,64
344,2164260864,14,0,64
345,2013265920,20,0,64
346,2147483648,17,0,64
347,2063597568,13,0,64
348,2130706432,11,0,64
349,2080374784,21,0,64
350,2030043136,17,0,64
351,2164260864,12,0,64
352,2063597568,12,0,64
353,2113929216,21,0,64
354,2030043136,14,0,64
355,2147483648,17,0,64
356,2097152000,16,0,64
357,2063597568,15,0,64
358,2080374784,17,0,64
359,2063597568,11,0,64
360,2080374784,13,0,64
361,2113929216,22,0,64
362,2164260864,17,0,64
363,2080374784,11,0,64
364,1979711488,15,0,64
365,2080374784,17,0,64
366,2130706432,17,0,64
367,2130706432,16,0,64
368,2097152000,15,0,64
369,2013265920,12,0,64
370,2147483648,21,0,64
371,1996488704,13,0,64
372,2231369728,14,0,64
373,2080374784,19,0,64
374,2097152000,11,0,64
375,2097152000,15,0,64
376,2080374784,22,0,64
377,2113929216,18,0,64
378,2113929216,11,0,64
379,2063597568,13,0,64
380,2130706432,15,0,64
381,2063597568,20,0,64
382,2113929216,13,0,64
383,2181038080,20,0,64
384,2063597568,16,0,64
385,2046820352,11,0,64
386,2164260864,20,0,64
387,2080374784,14,0,64
388,2063597568,13,0,64
389,2097152000,19,0,64
390,2113929216,15,0,64
391,2080374784,16,0,64
392,2080374784,13,0,64
393,2097152000,17,0,64
394,2097152000,18,0,64
395,2113929216,12,0,64
396,2130706432,16,0,64
397,2080374784,16,0,64
398,2097152000,20,0,64
399,2046820352,11,0,64
400,2164260864,10,0,64
401,2030043136,22,0,64
402,2130706432,14,0,64
403,2080374784,18,0,64
404,2113929216,15,0,64
405,2080374784,13,0,64
406,2080374784,18,0,64
407,2164260864,19,0,64
408,2097152000,13,0,64
409,2046820352,14,0,64
410,2147483648,18,0,64
411,2113929216,14,0,64
412,1962934272,12,0,64
413,2080374784,18,0,64
414,2147483648,17,0,64
415,2080374784,16,0,64
416,2080374784,13,0,64
417,1996488704,14,0,64
418,2197815296,18,0,64
419,1962934272,14,0,64
420,2147483648,21,0,64
421,2147483648,10,0,64
422,2130706432,17,0,64
423,2030043136,16,0,64
424,2046820352,17,0,64
425,2147483648,20,0,64
426,2080374784,6,0,64
427,2030043136,20,0,64
428,2113929216,17,0,64
429,2113929216,14,0,64
430,2097152000,17,0,64
431,2164260864,14,0,64
432,2063597568,16,0,64
433,2063597568,13,0,64
434,2164260864,19,0,64
435,1996488704,12,0,64
436,2130706432,20,0,64
437,2147483648,14,0,64
438,2130706432,20,0,64
439,1962934272,10,0,64
440,2097152000,11,0,64
441,2164260864,21,0,64
442,2063597568,22,0,64
443,2130706432,11,0,64
444,2097152000,9,0,64
445,2063597568,21,0,64
446,2113929216,16,0,64
447,2030043136,14,0,64
448,2164260864,15,0,64
449,2147483648,19,0,64
450,1996488704,13,0,64
451,2147483648,17,0,64
452,2113929216,15,0,64
453,2097152000,18,0,64
454,2080374784,14,0,64
455,2063597568,13,0,64
456,2231369728,19,0,64
457,2063597568,15,0,64
458,2181038080,14,0,64
459,2013265920,21,0,64
460,2113929216,12,0,64
461,2063597568,12,0,64
462,2164260864,19,0,64
463,2063597568,15,0,64
464,2030043136,14,0,64
465,2214592512,12,0,64
466,2030043136,23,0,64
467,2147483648,19,0,64
468,2046820352,12,0,64
469,2130706432,11,0,64
470,2080374784,16,0,64
471,2164260864,21,0,64
472,2147483648,18,0,64
473,2063597568,8,0,64
474,2063597568,15,0,64
475,2063597568,16,0,64
476,2130706432,22,0,64
477,2130706432,11,0,64
478,2147483648,16,0,64
479,2147483648,20,0,64
480,2046820352,13,0,64
481,2130706432,13,0,64
482,2030043136,19,0,64
483,2046820352,16,0,64
484,2181038080,14,0,64
485,2147483648,18,0,64
486,2046820352,12,0,64
487,2063597568,18,0,64
488,2147483648,18,0,64
489,2147483648,15,0,64
490,2080374784,10,0,64
491,2181038080,18,0,64
492,1996488704,17,0,64
493,2063597568,17,0,64
494,2181038080,10,0,64
495,2113929216,19,0,64
496,2063597568,19,0,64
497,2080374784,15,0,64
498,2147483648,11,0,64
499,2097152000,22,0,64
500,2080374784,15,0,64
501,2097152000,13,0,64
502,2080374784,15,0,64
503,2030043136,15,0,64
504,2181038080,17,0,64
505,2113929216,16,0,64
506,2063597568,14,0,64
507,2130706432,11,0,64
508,2097152000,23,0,64
509,2063597568,13,0,64
510,2063597568,19,0,64
511,2130706432,13,0,64
512,2113929216,14,0,64
513,2046820352,13,0,64
514,2164260864,24,0,64
515,2147483648,13,0,64
516,1996488704,15,0,64
517,2130706432,15,0,64
518,2147483648,16,0,64
519,2097152000,19,0,64
520,1979711488,10,0,64
521,2013265920,14,0,64
522,2281701376,19,0,64
523,2113929216,16,0,64
524,2013265920,16,0,64
525,2181038080,12,0,64
526,2080374784,16,0,64
527,2097152000,19,0,64
528,2030043136,19,0,64
529,2097152000,12,0,64
530,2113929216,12,0,64
531,2080374784,15,0,64
532,2113929216,18,0,64
533,2113929216,20,0,64
534,2097152000,10,0,64
535,2080374784,20,0,64
536,2030043136,10,0,64
537,2080374784,18,0,64
538,2181038080,17,0,64
539,2130706432,16,0,64
540,2013265920,16,0,64
541,2130706432,12,0,64
542,1996488704,18,0,64
543,2231369728,15,0,64
544,1929379840,17,0,64
545,2181038080,17,0,64
546,2097152000,13,0,64
547,2197815296,14,0,64
548,2030043136,17,0,64
549,2013265920,17,0,64
550,2097152000,14,0,64
551,2063597568,12,0,64
552,2063597568,21,0,64
553,2063597568,16,0,64
554,2214592512,12,0,64
555,2030043136,18,0,64
556,2097152000,14,0,64
557,2080374784,17,0,64
558,2030043136,13,0,64
559,2214592512,18,0,64
560,1996488704,16,0,64
561,2164260864,14,0,64
562,2013265920,14,0,64
563,2181038080,19,0,64
564,1946157056,13,0,64
565,2181038080,16,0,64
566,2013265920,14,0,64
567,2197815296,18,0,64
568,2046820352,16,0,64
569,2080374784,17,0,64
570,2164260864,10,0,64
571,2046820352,22,0,64
572,2097152000,15,0,64
573,2097152000,10,0,64
574,1979711488,16,0,64
575,2214592512,23,0,64
576,2113929216,12,0,64
577,1996488704,12,0,64
578,2147483648,17,0,64
579,2097152000,20,0,64
580,2046820352,11,0,64
581,2046820352,14,0,64
582,2097152000,20,0,64
583,2164260864,15,0,64
584,2030043136,12,0,64
585,2097152000,12,0,64
586,2080374784,28,0,64
587,2197815296,10,0,64
588,2063597568,16,0,64
589,2063597568,10,0,64
590,2080374784,18,0,64
591,2130706432,24,0,64
592,2030043136,9,0,64
593,2130706432,15,0,64
594,2197815296,16,0,64
595,1962934272,17,0,64
596,2147483648,14,0,64
597,2046820352,14,0,64
598,2147483648,22,0,64
599,2113929216,13,0,64
600,2097152000,13,0,64
601,2130706432,15,0,64
602,1962934272,16,0,64
603,2164260864,20,0,64
604,2130706432,14,0,64
605,2097152000,13,0,64
606,2181038080,19,0,64
607,1996488704,13,0,64
608,2097152000,17,0,64
609,2181038080,18,0,64
610,2063597568,13,0,64
611,2030043136,16,0,64
612,2080374784,12,0,64
613,2147483648,19,0,64
614,2130706432,14,0,64
615,2046820352,18,0,64
616,2097152000,18,0,64
617,2080374784,12,0,64
618,2097152000,18,0,64
619,2130706432,13,0,64
620,2063597568,16,0,64
621,2147483648,17,0,64
622,1996488704,13,0,64
623,2113929216,15,0,64
624,2147483648,16,0,64
625,2046820352,14,0,64
626,2130706432,19,0,64
627,2063597568,13,0,64
628,2147483648,15,0,64
629,2097152000,20,0,64
630,1996488704,16,0,64
631,2164260864,14,0,64
632,2030043136,13,0,64
633,2147483648,12,0,64
634,2063597568,27,0,64
635,2097152000,10,0,64
636,2147483648,14,0,64
637,2046820352,16,0,64
638,2030043136,20,0,64
639,2113929216,11,0,64
640,2046820352,16,0,64
641,2130706432,16,0,64
642,2181038080,14,0,64
643,2030043136,16,0,64
644,2046820352,19,0,64
645,2147483648,14,0,64
646,2030043136,12,0,64
647,2080374784,18,0,64
648,2063597568,16,0,64
649,2181038080,15,0,64
650,2080374784,18,0,64
651,1979711488,14,0,64
652,2113929216,17,0,64
653,2130706432,16,0,64
654,2080374784,12,0,64
655,2063597568,11,0,64
656,2097152000,23,0,64
657,2130706432,17,0,64
658,2130706432,13,0,64
659,2046820352,19,0,64
660,2097152000,10,0,64
661,2080374784,15,0,64
662,1962934272,15,0,64
663,2147483648,18,0,64
664,2080374784,18,0,64
665,2113929216,14,0,64
666,2097152000,12,0,64
667,2080374784,20,0,64
668,2080374784,18,0,64
669,2030043136,14,0,64
670,2113929216,9,0,64
671,2147483648,17,0,64
672,2030043136,19,0,64
673,2097152000,12,0,64
674,2063597568,20,0,64
675,2181038080,14,0,64
676,2030043136,12,0,64
677,2147483648,22,0,64
678,2113929216,14,0,64
679,2113929216,14,0,64
680,1979711488,15,0,64
681,2097152000,13,0,64
682,2113929216,21,0,64
683,2130706432,14,0,64
684,2164260864,17,0,64
685,1962934272,12,0,64
686,2113929216,19,0,64
687,2046820352,11,0,64
688,2197815296,15,0,64
689,2063597568,24,0,64
690,2013265920,12,0,64
691,2197815296,14,0,64
692,2030043136,13,0,64
693,2097152000,19,0,64
694,2080374784,17,0,64
695,2181038080,11,0,64
696,2046820352,15,0,64
697,2030043136,17,0,64
698,2147483648,17,0,64
699,2164260864,13,0,64
700,2147483648,19,0,64
701,2030043136,19,0,64
702,2030043136,10,0,64
703,2164260864,17,0,64
704,2063597568,15,0,64
705,2181038080,14,0,64
706,2097152000,19,0,64
707,2013265920,21,0,64
708,2181038080,12,0,64
709,2097152000,13,0,64
710,1996488704,12,0,64
711,2130706432,21,0,64
712,2080374784,13,0,64
713,2113929216,19,0,64
714,2046820352,12,0,64
715,2130706432,20,0,64
716,2080374784,14,0,64
717,2080374784,15,0,64
718,2147483648,14,0,64
719,2080374784,17,0,64
720,2080374784,15,0,64
721,2097152000,19,0,64
722,2164260864,14,0,64
723,2080374784,16,0,64
724,2063597568,11,0,64
725,2063597568,19,0,64
726,2046820352,16,0,64
727,2113929216,13,0,64
728,2130706432,19,0,64
729,2030043136,13,0,64
730,2130706432,19,0,64
731,2097152000,8,0,64
732,2063597568,18,0,64
733,2130706432,18,0,64
734,2046820352,16,0,64
735,2113929216,19,0,64
736,2113929216,13,0,64
737,2080374784,12,0,64
738,2046820352,14,0,64
739,2080374784,20,0,64
740,1996488704,20,0,64
741,2164260864,12,0,64
742,2113929216,9,0,64
743,2097152000,19,0,64
744,2097152000,18,0,64
745,2113929216,12,0,64
746,2113929216,22,0,64
747,2097152000,11,0,64
748,2063597568,18,0,64
749,2147483648,13,0,64
750,2046820352,12,0,64
751,2164260864,21,0,64
752,2080374784,16,0,64
753,2130706432,13,0,64
754,2046820352,19,0,64
755,2063597568,13,0,64
756,2080374784,19,0,64
757,2080374784,15,0,64
758,2214592512,13,0,64
759,1962934272,14,0,64
760,2130706432,22,0,64
761,2013265920,10,0,64
762,2113929216,14,0,64
763,2030043136,16,0,64
764,2147483648,19,0,64
765,2147483648,19,0,64
766,2013265920,9,0,64
767,2113929216,15,0,64
768,2113929216,19,0,64
769,2080374784,16,0,64
770,2046820352,14,0,64
771,2147483648,14,0,64
772,2097152000,20,0,64
773,2030043136,11,0,64
774,2147483648,18,0,64
775,2080374784,15,0,64
776,2130706432,17,0,64
777,2013265920,14,0,64
778,2130706432,14,0,64
779,2097152000,15,0,64
780,2130706432,20,0,64
781,2097152000,13,0,64
782,2046820352,18,0,64
783,2063597568,9,0,64
784,2113929216,18,0,64
785,2063597568,23,0,64
786,2181038080,11,0,64
787,1996488704,10,0,64
788,2164260864,25,0,64
789,2080374784,13,0,64
790,2013265920,11,0,64
791,2147483648,18,0,64
792,2147483648,20,0,64
793,2130706432,13,0,64
794,1962934272,13,0,64
795,2130706432,16,0,64
796,2080374784,18,0,64
797,2181038080,14,0,64
798,1946157056,15,0,64
799,2147483648,19,0,64
800,2147483648,10,0,64
801,2113929216,20,0,64
802,2080374784,16,0,64
803,2046820352,9,0,64
804,2097152000,17,0,64
805,2130706432,23,0,64
806,2113929216,13,0,64
807,2113929216,14,0,64
808,2097152000,16,0,64
809,2080374784,15,0,64
810,2130706432,14,0,64
811,2080374784,15,0,64
812,2046820352,19,0,64
813,2097152000,16,0,64
814,2130706432,17,0,64
815,2063597568,17,0,64
816,2080374784,12,0,64
817,2214592512,11,0,64
818,1979711488,18,0,64
819,2181038080,21,0,64
820,2063597568,14,0,64
821,2097152000,14,0,64
822,2080374784,18,0,64
823,2181038080,15,0,64
824,1979711488,16,0,64
825,2097152000,14,0,64
826,2080374784,12,0,64
827,2197815296,19,0,64
828,2013265920,16,0,64
829,2113929216,14,0,64
830,2046820352,17,0,64
831,2097152000,18,0,64
832,2130706432,16,0,64
833,2080374784,11,0,64
834,2130706432,12,0,64
835,2030043136,20,0,64
836,2164260864,16,0,64
837,2046820352,14,0,64
838,2113929216,17,0,64
839,2080374784,17,0,64
840,2063597568,14,0,64
841,2147483648,17,0,64
842,2113929216,15,0,64
843,2013265920,15,0,64
844,2113929216,18,0,64
845,2080374784,7,0,64
846,2097152000,22,0,64
847,2130706432,18,0,64
848,2097152000,11,0,64
849,2046820352,21,0,64
850,2097152000,15,0,64
851,2030043136,12,0,64
852,2147483648,19,0,64
853,2063597568,9,0,64
854,2147483648,19,0,64
855,2164260864,15,0,64
856,1912602624,17,0,64
857,2214592512,17,0,64
858,2063597568,15,0,64
859,2164260864,18,0,64
860,2063597568,11,0,64
861,2063597568,16,0,64
862,2080374784,18,0,64
863,2164260864,14,0,64
864,2080374784,13,0,64
865,2113929216,19,0,64
866,2147483648,19,0,64
867,1996488704,14,0,64
868,2130706432,15,0,64
869,2113929216,10,0,64
870,2030043136,20,0,64
871,2130706432,15,0,64
872,2046820352,16,0,64
873,2063597568,14,0,64
874,2181038080,19,0,64
875,2046820352,16,0,64
876,2097152000,14,0,64
877,2080374784,11,0,64
878,2164260864,19,0,64
879,2046820352,18,0,64
880,2113929216,11,0,64
881,2130706432,16,0,64
882,1946157056,16,0,64
883,2113929216,16,0,64
884,2046820352,17,0,64
885,2164260864,14,0,64
886,2130706432,15,0,64
887,1979711488,19,0,64
888,2231369728,14,0,64
889,2147483648,16,0,64
890,1929379840,14,0,64
891,2147483648,15,0,64
892,2164260864,19,0,64
893,2063597568,16,0,64
894,2097152000,15,0,64
895,2197815296,16,0,64
896,1996488704,11,0,64
897,2164260864,17,0,64
898,2013265920,19,0,64
899,2197815296,15,0,64
900,2063597568,14,0,64
901,2130706432,21,0,64
902,2097152000,11,0,64
903,2181038080,19,0,64
904,2013265920,10,0,64
905,2113929216,20,0,64
906,2113929216,16,0,64
907,2197815296,15,0,64
908,1996488704,13,0,64
909,2030043136,14,0,64
910,2113929216,20,0,64
911,2231369728,14,0,64
912,2030043136,14,0,64
913,2113929216,16,0,64
914,2046820352,18,0,64
915,2164260864,17,0,64
916,2046820352,14,0,64
917,2181038080,14,0,64
918,2013265920,19,0,64
919,2214592512,18,0,64
920,1912602624,9,0,64
921,2181038080,17,0,64
922,2130706432,17,0,64
923,2113929216,15,0,64
924,2030043136,12,0,64
925,2214592512,20,0,64
926,1979711488,15,0,64
927,2080374784,18,0,64
928,2197815296,13,0,64
929,2113929216,13,0,64
930,2130706432,21,0,64
931,2013265920,15,0,64
932,2181038080,16,0,64
933,2147483648,13,0,64
934,2013265920,19,0,64
935,2231369728,12,0,64
936,2063597568,17,0,64
937,2013265920,18,0,64
938,2113929216,13,0,64
939,2164260864,14,0,64
940,2046820352,20,0,64
941,2197815296,13,0,64
942,2013265920,17,0,64
943,2197815296,16,0,64
944,2097152000,14,0,64
945,2013265920,14,0,64
946,2097152000,17,0,64
947,2231369728,18,0,64
948,2013265920,17,0,64
949,2046820352,17,0,64
950,2181038080,14,0,64
951,2130706432,13,0,64
952,2046820352,11,0,64
953,2130706432,20,0,64
954,2046820352,17,0,64
955,2164260864,14,0,64
956,2046820352,17,0,64
957,2164260864,14,0,64
958,1996488704,16,0,64
959,2147483648,18,0,64
960,2046820352,11,0,64
961,2046820352,19,0,64
962,2147483648,15,0,64
963,2113929216,20,0,64
964,2080374784,14,0,64
965,2113929216,11,0,64
966,2181038080,18,0,64
967,1996488704,14,0,64
968,2197815296,17,0,64
969,2013265920,15,0,64
970,2164260864,21,0,64
971,2013265920,10,0,64
972,2097152000,12,0,64
973,2147483648,19,0,64
974,2080374784,19,0,64
975,2113929216,14,0,64
976,2113929216,16,0,64
977,2097152000,13,0,64
978,2046820352,21,0,64
979,2130706432,12,0,64
980,2063597568,11,0,64
981,2030043136,17,0,64
982,2181038080,20,0,64
983,2080374784,17,0,64
984,2181038080,14,0,64
985,2046820352,17,0,64
986,2063597568,15,0,64
987,2130706432,12,0,64
988,2130706432,15,0,64
989,2164260864,16,0,64
990,1979711488,17,0,64
991,2130706432,16,0,64
992,2113929216,16,0,64
993,2030043136,15,0,64
994,2046820352,14,0,64
995,2147483648,20,0,64
996,2181038080,13,0,64
997,2063597568,15,0,64
998,2063597568,20,0,64
999,2080374784,17,0,64
1000,2113929216,12,0,64
1001,2130706432,12,0,64
1002,2030043136,22,0,64
1003,2097152000,9,0,64
1004,2113929216,19,0,64
1005,2164260864,17,0,64
1006,2097152000,16,0,64
1007,2113929216,10,0,64
1008,2080374784,21,0,64
1009,2130706432,15,0,64
1010,2063597568,15,0,64
1011,2080374784,17,0,64
1012,2147483648,13,0,64
1013,2080374784,16,0,64
1014,2130706432,17,0,64
1015,2030043136,13,0,64
1016,2147483648,18,0,64
1017,2113929216,15,0,64
1018,2097152000,17,0,64
1019,2164260864,15,0,64
1020,2030043136,13,0,64
1021,2113929216,17,0,64
1022,2097152000,20,0,64
1023,2030043136,10,0,64
1024,2130706432,13,0,64
1025,2063597568,20,0,64
1026,2164260864,18,0,64
1027,2097152000,18,0,64
1028,2063597568,9,0,64
1029,2046820352,14,0,64
1030,2113929216,21,0,64
1031,2164260864,13,0,64
1032,2130706432,17,0,64
1033,2063597568,12,0,64
1034,2181038080,23,0,64
1035,2097152000,13,0,64
1036,1979711488,14,0,64
1037,2164260864,15,0,64
1038,2046820352,19,0,64
1039,2147483648,15,0,64
1040,2130706432,13,0,64
1041,2063597568,14,0,64
1042,2097152000,18,0,64
1043,1962934272,16,0,64
1044,2248146944,16,0,64
1045,2113929216,11,0,64
1046,2046820352,19,0,64
1047,2080374784,21,0,64
1048,2130706432,11,0,64
1049,2063597568,12,0,64
1050,2113929216,19,0,64
1051,2130706432,19,0,64
1052,2046820352,13,0,64
1053,2181038080,15,0,64
1054,2097152000,15,0,64
1055,2080374784,19,0,64
1056,2097152000,18,0,64
1057,2181038080,12,0,64
1058,2030043136,14,0,64
1059,2013265920,18,0,64
1060,2147483648,16,0,64
1061,2097152000,15,0,64
1062,2147483648,16,0,64
1063,2130706432,14,0,64
1064,2030043136,13,0,64
1065,2080374784,16,0,64
1066,2181038080,19,0,64
1067,2080374784,19,0,64
1068,2097152000,12,0,64
1069,2046820352,14,0,64
1070,2097152000,14,0,64
1071,2164260864,21,0,64
1072,2147483648,16,0,64
1073,1962934272,10,0,64
1074,2164260864,16,0,64
1075,2113929216,20,0,64
1076,2063597568,12,0,64
1077,2147483648,18,0,64
1078,2030043136,13,0,64
1079,1996488704,17,0,64
1080,1291845632,7,0,64
1081,536870912,6,0,64
1082,553648128,7,0,64
1083,570425344,2,0,64
1084,503316480,2,0,64
1085,620756992,4,0,64
1086,469762048,5,0,64
1087,570425344,5,0,64
1088,570425344,5,0,64
1089,536870912,2,0,64
1090,637534208,7,0,64
1091,469762048,3,0,64
1092,536870912,4,0,64
1093,587202560,4,0,64
1094,536870912,4,0,64
1095,603979776,7,0,64
1096,436207616,1,0,64
1097,587202560,4,0,64
1098,620756992,4,0,64
1099,520093696,5,0,64
1100,469762048,3,0,64
1101,536870912,5,0,64
1102,654311424,5,0,64
1103,486539264,2,0,64
1104,637534208,6,0,64
1105,452984832,4,0,64
1106,570425344,0,0,64
1107,553648128,5,0,64
1108,553648128,3,0,64
1109,587202560,4,0,64
1110,553648128,3,0,64
1111,469762048,7,0,64
1112,536870912,4,0,64
1113,687865856,8,0,64
1114,419430400,4,0,64
1115,587202560,3,0,64
1116,620756992,5,0,64
1117,587202560,2,0,64
1118,536870912,3,0,64
1119,520093696,5,0,64
1120,570425344,8,0,64
1121,587202560,3,0,64
1122,603979776,2,0,64
1123,419430400,3,0,64
1124,654311424,4,0,64
1125,503316480,4,0,64
1126,603979776,4,0,64
1127,553648128,5,0,64
1128,520093696,4,0,64
1129,603979776,4,0,64
1130,536870912,5,0,64
1131,553648128,5,0,64
1132,553648128,4,0,64
1133,520093696,3,0,64
1134,553648128,2,0,64
1135,671088640,5,0,64
1136,469762048,4,0,64
1137,637534208,7,0,64
1138,385875968,2,0,64
1139,637534208,6,0,64
1140,469762048,7,0,64
1141,536870912,3,0,64
1142,503316480,3,0,64
1143,603979776,4,0,64
1144,419430400,1,0,64
1145,486539264,3,0,64
1146,620756992,3,0,64
1147,469762048,5,0,64
1148,587202560,3,0,64
1149,520093696,5,0,64
1150,469762048,4,0,64
1151,587202560,5,0,64
1152,469762048,3,0,64
1153,486539264,3,0,64
1154,570425344,7,0,64
1155,486539264,4,0,64
1156,587202560,3,0,64
1157,486539264,3,0,64
1158,486539264,4,0,64
1159,687865856,5,0,64
1160,402653184,4,0,64
1161,520093696,4,0,64
1162,553648128,3,0,64
1163,536870912,5,0,64
1164,452984832,4,0,64
1165,570425344,4,0,64
1166,553648128,5,0,64
1167,452984832,0,0,64
1168,469762048,3,0,64
1169,671088640,8,0,64
1170,520093696,3,0,64
1171,436207616,3,0,64
1172,570425344,2,0,64
1173,570425344,5,0,64
1174,503316480,4,0,64
1175,486539264,2,0,64
1176,536870912,3,0,64
1177,587202560,6,0,64
1178,469762048,4,0,64
1179,520093696,5,0,64
1180,503316480,8,0,64
1181,553648128,4,0,64
1182,553648128,2,0,64
1183,436207616,2,0,64
1184,536870912,7,0,64
1185,637534208,2,0,64
1186,385875968,0,0,64
1187,637534208,5,0,64
1188,503316480,3,0,64
1189,452984832,1,0,64
1190,570425344,4,0,64
1191,620756992,8,0,64
1192,301989888,3,0,64
1193,637534208,5,0,64
1194,553648128,4,0,64
1195,503316480,5,0,64
1196,520093696,5,0,64
1197,553648128,5,0,64
1198,486539264,4,0,64
1199,503316480,2,0,64
1200,603979776,8,0,64
1201,469762048,1,0,64
1202,452984832,0,0,64
1203,587202560,7,0,64
1204,503316480,5,0,64
1205,603979776,2,0,64
1206,402653184,3,0,64
1207,620756992,8,0,64
1208,503316480,2,0,64
1209,486539264,3,0,64
1210,520093696,2,0,64
1211,570425344,2,0,64
1212,553648128,3,0,64
1213,402653184,5,0,64
1214,603979776,4,0,64
1215,553648128,8,0,64
1216,436207616,0,0,64
1217,587202560,4,0,64
1218,486539264,7,0,64
1219,520093696,3,0,64
1220,620756992,7,0,64
1221,436207616,4,0,64
1222,553648128,5,0,64
1223,536870912,5,0,64
1224,486539264,1,0,64
1225,520093696,3,0,64
1226,536870912,2,0,64
1227,486539264,2,0,64
1228,603979776,6,0,64
1229,520093696,3,0,64
1230,469762048,3,0,64
1231,503316480,1,0,64
1232,536870912,4,0,64
1233,587202560,9,0,64
1234,452984832,1,0,64
1235,536870912,5,0,64
1236,553648128,5,0,64
1237,520093696,1,0,64
1238,419430400,7,0,64
1239,637534208,5,0,64
1240,520093696,5,0,64
1241,570425344,6,0,64
1242,452984832,2,0,64
1243,553648128,4,0,64
1244,553648128,3,0,64
1245,419430400,1,0,64
1246,587202560,3,0,64
1247,469762048,5,0,64
1248,603979776,7,0,64
1249,520093696,5,0,64
1250,469762048,3,0,64
1251,603979776,3,0,64
1252,486539264,4,0,64
1253,486539264,3,0,64
1254,503316480,5,0,64
1255,570425344,4,0,64
1256,486539264,3,0,64
1257,603979776,2,0,64
1258,469762048,4,0,64
1259,520093696,4,0,64
1260,536870912,6,0,64
1261,486539264,0,0,64
1262,536870912,8,0,64
1263,587202560,5,0,64
1264,520093696,2,0,64
1265,469762048,3,0,64
1266,469762048,4,0,64
1267,587202560,4,0,64
1268,553648128,3,0,64
1269,503316480,3,0,64
1270,469762048,3,0,64
1271,553648128,4,0,64
1272,536870912,5,0,64
1273,503316480,5,0,64
1274,570425344,7,0,64
1275,503316480,3,0,64
1276,503316480,4,0,64
1277,553648128,6,0,64
1278,536870912,6,0,64
1279,503316480,2,0,64
1280,553648128,3,0,64
1281,536870912,2,0,64
1282,503316480,1,0,64
1283,452984832,6,0,64
1284,587202560,5,0,64
1285,536870912,3,0,64
1286,520093696,1,0,64
1287,436207616,5,0,64
1288,520093696,5,0,64
1289,603979776,3,0,64
1290,536870912,4,0,64
1291,520093696,4,0,64
1292,503316480,2,0,64
1293,520093696,6,0,64
1294,553648128,5,0,64
1295,503316480,7,0,64
1296,469762048,6,0,64
1297,587202560,2,0,64
1298,587202560,3,0,64
1299,385875968,4,0,64
1300,570425344,6,0,64
1301,520093696,2,0,64
1302,469762048,0,0,64
1303,654311424,5,0,64
1304,436207616,3,0,64
1305,603979776,4,0,64
1306,503316480,6,0,64
1307,469762048,2,0,64
1308,520093696,2,0,64
1309,553648128,3,0,64
1310,553648128,3,0,64
1311,503316480,7,0,64
1312,486539264,4,0,64
1313,587202560,3,0,64
1314,520093696,4,0,64
1315,486539264,4,0,64
1316,520093696,8,0,64
1317,536870912,4,0,64
1318,486539264,1,0,64
1319,570425344,5,0,64
1320,570425344,7,0,64
1321,436207616,2,0,64
1322,587202560,6,0,64
1323,570425344,4,0,64
1324,469762048,3,0,64
1325,503316480,3,0,64
1326,553648128,4,0,64
1327,520093696,2,0,64
1328,503316480,3,0,64
1329,536870912,4,0,64
1330,520093696,5,0,64
1331,503316480,6,0,64
1332,486539264,1,0,64
1333,603979776,3,0,64
1334,570425344,5,0,64
1335,436207616,2,0,64
1336,520093696,2,0,64
1337,553648128,4,0,64
1338,553648128,4,0,64
1339,503316480,4,0,64
1340,486539264,4,0,64
1341,570425344,6,0,64
1342,486539264,3,0,64
1343,520093696,7,0,64
1344,570425344,7,0,64
1345,520093696,5,0,64
1346,469762048,3,0,64
1347,587202560,3,0,64
1348,469762048,2,0,64
1349,503316480,3,0,64
1350,603979776,5,0,64
1351,469762048,4,0,64
1352,520093696,3,0,64
1353,536870912,6,0,64
1354,570425344,2,0,64
1355,503316480,5,0,64
1356,469762048,1,0,64
1357,620756992,3,0,64
1358,469762048,2,0,64
1359,486539264,4,0,64
1360,620756992,5,0,64
1361,419430400,6,0,64
1362,603979776,9,0,64
1363,520093696,2,0,64
1364,486539264,3,0,64
1365,536870912,2,0,64
1366,536870912,5,0,64
1367,503316480,4,0,64
1368,536870912,1,0,64
1369,486539264,5,0,64
1370,587202560,5,0,64
1371,486539264,2,0,64
1372,570425344,5,0,64
1373,469762048,4,0,64
1374,520093696,5,0,64
1375,620756992,2,0,64
1376,385875968,3,0,64
1377,654311424,5,0,64
1378,419430400,3,0,64
1379,570425344,8,0,64
1380,536870912,7,0,64
1381,503316480,4,0,64
1382,553648128,2,0,64
1383,452984832,2,0,64
1384,637534208,3,0,64
1385,402653184,1,0,64
1386,587202560,7,0,64
1387,520093696,5,0,64
1388,553648128,2,0,64
1389,520093696,3,0,64
1390,486539264,4,0,64
1391,603979776,6,0,64
1392,352321536,1,0,64
1393,704643072,6,0,64
1394,402653184,2,0,64
1395,452984832,4,0,64
1396,654311424,5,0,64
1397,503316480,3,0,64
1398,520093696,7,0,64
1399,587202560,3,0,64
1400,419430400,5,0,64
1401,620756992,4,0,64
1402,452984832,0,0,64
1403,553648128,4,0,64
1404,520093696,2,0,64
1405,469762048,6,0,64
1406,503316480,9,0,64
1407,654311424,4,0,64
1408,402653184,2,0,64
1409,570425344,3,0,64
1410,587202560,4,0,64
1411,402653184,0,0,64
1412,671088640,7,0,64
1413,385875968,1,0,64
1414,603979776,9,0,64
1415,536870912,3,0,64
1416,452984832,1,0,64
1417,570425344,6,0,64
1418,520093696,5,0,64
1419,520093696,3,0,64
1420,503316480,5,0,64
1421,503316480,1,0,64
1422,587202560,5,0,64
1423,452984832,2,0,64
1424,637534208,4,0,64
1425,385875968,4,0,64
1426,620756992,4,0,64
1427,452984832,2,0,64
1428,570425344,4,0,64
1429,553648128,6,0,64
1430,503316480,5,0,64
1431,503316480,6,0,64
1432,553648128,6,0,64
1433,536870912,4,0,64
1434,520093696,5,0,64
1435,553648128,3,0,64
1436,419430400,1,0,64
1437,654311424,3,0,64
1438,402653184,2,0,64
1439,570425344,4,0,64
1440,536870912,3,0,64
1441,536870912,4,0,64
1442,452984832,3,0,64
1443,603979776,7,0,64
1444,436207616,6,0,64
1445,620756992,3,0,64
1446,436207616,5,0,64
1447,587202560,5,0,64
1448,520093696,1,0,64
1449,587202560,8,0,64
1450,503316480,3,0,64
1451,486539264,1,0,64
1452,520093696,3,0,64
1453,587202560,6,0,64
1454,486539264,1,0,64
1455,369098752,2,0,64
1456,704643072,4,0,64
1457,436207616,1,0,64
1458,587202560,4,0,64
1459,587202560,8,0,64
1460,419430400,3,0,64
1461,553648128,7,0,64
1462,520093696,5,0,64
1463,553648128,6,0,64
1464,486539264,5,0,64
1465,536870912,5,0,64
1466,536870912,1,0,64
1467,452984832,1,0,64
1468,620756992,10,0,64
1469,436207616,1,0,64
1470,570425344,3,0,64
1471,536870912,0,0,64
1472,536870912,2,0,64
1473,503316480,5,0,64
1474,637534208,3,0,64
1475,352321536,5,0,64
1476,671088640,8,0,64
1477,402653184,2,0,64
1478,603979776,6,0,64
1479,469762048,2,0,64
1480,587202560,6,0,64
1481,520093696,9,0,64
1482,587202560,1,0,64
1483,335544320,1,0,64
1484,654311424,3,0,64
1485,452984832,2,0,64
1486,520093696,1,0,64
1487,587202560,1,0,64
1488,486539264,6,0,64
1489,553648128,4,0,64
1490,436207616,4,0,64
1491,570425344,12,0,64
1492,570425344,5,0,64
1493,486539264,3,0,64
1494,469762048,4,0,64
1495,654311424,5,0,64
1496,452984832,2,0,64
1497,603979776,5,0,64
1498,536870912,2,0,64
1499,419430400,2,0,64
1500,536870912,3,0,64
1501,603979776,3,0,64
1502,436207616,4,0,64
1503,620756992,6,0,64
1504,385875968,4,0,64
1505,620756992,5,0,64
1506,536870912,5,0,64
1507,419430400,2,0,64
1508,603979776,4,0,64
1509,452984832,2,0,64
1510,536870912,8,0,64
1511,587202560,3,0,64
1512,536870912,2,0,64
1513,503316480,3,0,64
1514,402653184,5,0,64
1515,637534208,3,0,64
1516,570425344,3,0,64
1517,486539264,3,0,64
1518,503316480,2,0,64
1519,536870912,6,0,64
1520,520093696,4,0,64
1521,570425344,7,0,64
1522,469762048,2,0,64
1523,553648128,3,0,64
1524,486539264,7,0,64
1525,536870912,4,0,64
1526,520093696,4,0,64
1527,553648128,6,0,64
1528,486539264,3,0,64
1529,503316480,1,0,64
1530,536870912,3,0,64
1531,536870912,5,0,64
1532,503316480,4,0,64
1533,503316480,4,0,64
1534,603979776,3,0,64
1535,486539264,0,0,64
1536,520093696,8,0,64
1537,486539264,4,0,64
1538,536870912,4,0,64
1539,553648128,4,0,64
1540,486539264,5,0,64
1541,570425344,4,0,64
1542,520093696,3,0,64
1543,503316480,5,0,64
1544,570425344,6,0,64
1545,419430400,2,0,64
1546,620756992,1,0,64
1547,469762048,2,0,64
1548,553648128,5,0,64
1549,503316480,5,0,64
1550,503316480,3,0,64
1551,587202560,3,0,64
1552,503316480,7,0,64
1553,419430400,2,0,64
1554,620756992,6,0,64
1555,469762048,7,0,64
1556,603979776,5,0,64
1557,452984832,1,0,64
1558,570425344,5,0,64
1559,536870912,6,0,64
1560,587202560,3,0,64
1561,436207616,2,0,64
1562,503316480,2,0,64
1563,536870912,6,0,64
1564,536870912,4,0,64
1565,486539264,3,0,64
1566,570425344,0,0,64
1567,452984832,5,0,64
1568,570425344,5,0,64
1569,587202560,3,0,64
1570,419430400,4,0,64
1571,620756992,4,0,64
1572,419430400,3,0,64
1573,637534208,5,0,64
1574,419430400,5,0,64
1575,620756992,4,0,64
1576,469762048,3,0,64
1577,503316480,3,0,64
1578,536870912,4,0,64
1579,503316480,3,0,64
1580,570425344,3,0,64
1581,452984832,6,0,64
1582,587202560,4,0,64
1583,503316480,7,0,64
1584,536870912,3,0,64
1585,553648128,4,0,64
1586,503316480,8,0,64
1587,503316480,4,0,64
1588,503316480,2,0,64
1589,520093696,6,0,64
1590,587202560,3,0,64
1591,486539264,3,0,64
1592,520093696,2,0,64
1593,486539264,1,0,64
1594,570425344,4,0,64
1595,520093696,4,0,64
1596,503316480,0,0,64
1597,536870912,6,0,64
1598,570425344,5,0,64
1599,486539264,4,0,64
1600,486539264,3,0,64
1601,520093696,4,0,64
1602,587202560,5,0,64
1603,503316480,5,0,64
1604,553648128,5,0,64
1605,469762048,0,0,64
1606,520093696,5,0,64
1607,520093696,6,0,64
1608,570425344,8,0,64
1609,469762048,1,0,64
1610,553648128,4,0,64
1611,503316480,1,0,64
1612,553648128,3,0,64
1613,486539264,5,0,64
1614,452984832,6,0,64
1615,671088640,2,0,64
1616,452984832,3,0,64
1617,570425344,9,0,64
1618,486539264,2,0,64
1619,452984832,3,0,64
1620,637534208,1,0,64
1621,469762048,3,0,64
1622,520093696,7,0,64
1623,587202560,9,0,64
1624,419430400,1,0,64
1625,603979776,3,0,64
1626,452984832,2,0,64
1627,587202560,4,0,64
1628,536870912,2,0,64
1629,436207616,2,0,64
1630,603979776,9,0,64
1631,469762048,5,0,64
1632,486539264,3,0,64
1633,553648128,1,0,64
1634,503316480,3,0,64
1635,486539264,3,0,64
1636,603979776,5,0,64
1637,469762048,2,0,64
1638,587202560,9,0,64
1639,553648128,3,0,64
1640,436207616,2,0,64
1641,603979776,4,0,64
1642,452984832,5,0,64
1643,553648128,9,0,64
1644,486539264,4,0,64
1645,587202560,3,0,64
1646,452984832,1,0,64
1647,587202560,6,0,64
1648,436207616,2,0,64
1649,536870912,1,0,64
1650,587202560,4,0,64
1651,452984832,3,0,64
1652,620756992,5,0,64
1653,452984832,7,0,64
1654,553648128,5,0,64
1655,536870912,5,0,64
1656,503316480,1,0,64
1657,486539264,4,0,64
1658,503316480,2,0,64
1659,553648128,2,0,64
1660,520093696,7,0,64
1661,436207616,3,0,64
1662,654311424,6,0,64
1663,486539264,4,0,64
1664,520093696,3,0,64
1665,603979776,2,0,64
1666,402653184,2,0,64
1667,503316480,4,0,64
1668,620756992,5,0,64
1669,452984832,5,0,64
1670,553648128,3,0,64
1671,553648128,7,0,64
1672,469762048,7,0,64
1673,536870912,2,0,64
1674,536870912,5,0,64
1675,503316480,0,0,64
1676,570425344,5,0,64
1677,503316480,1,0,64
1678,536870912,6,0,64
1679,486539264,5,0,64
1680,536870912,4,0,64
1681,486539264,5,0,64
1682,570425344,1,0,64
1683,486539264,4,0,64
1684,503316480,2,0,64
1685,520093696,6,0,64
1686,587202560,4,0,64
1687,536870912,1,0,64
1688,419430400,5,0,64
1689,637534208,8,0,64
1690,452984832,3,0,64
1691,620756992,5,0,64
1692,402653184,3,0,64
1693,637534208,3,0,64
1694,452984832,2,0,64
1695,469762048,3,0,64
1696,520093696,9,0,64
1697,603979776,4,0,64
1698,452984832,0,0,64
1699,570425344,3,0,64
1700,469762048,5,0,64
1701,587202560,7,0,64
1702,536870912,4,0,64
1703,469762048,4,0,64
1704,587202560,1,0,64
1705,469762048,1,0,64
1706,503316480,5,0,64
1707,587202560,7,0,64
1708,520093696,5,0,64
1709,469762048,2,0,64
1710,570425344,4,0,64
1711,503316480,3,0,64
1712,536870912,6,0,64
1713,536870912,5,0,64
1714,520093696,2,0,64
1715,553648128,6,0,64
1716,486539264,1,0,64
1717,553648128,3,0,64
1718,452984832,0,0,64
1719,603979776,7,0,64
1720,503316480,4,0,64
1721,520093696,1,0,64
1722,520093696,6,0,64
1723,503316480,6,0,64
1724,553648128,3,0,64
1725,520093696,7,0,64
1726,469762048,5,0,64
1727,620756992,6,0,64
1728,520093696,2,0,64
1729,486539264,2,0,64
1730,536870912,5,0,64
1731,486539264,3,0,64
1732,603979776,2,0,64
1733,436207616,3,0,64
1734,553648128,6,0,64
1735,570425344,5,0,64
1736,486539264,3,0,64
1737,486539264,3,0,64
1738,637534208,5,0,64
1739,402653184,1,0,64
1740,620756992,4,0,64
1741,553648128,2,0,64
1742,369098752,3,0,64
1743,587202560,5,0,64
1744,553648128,6,0,64
1745,520093696,6,0,64
1746,503316480,7,0,64
1747,520093696,3,0,64
1748,520093696,6,0,64
1749,436207616,3,0,64
1750,671088640,5,0,64
1751,452984832,2,0,64
1752,520093696,2,0,64
1753,553648128,2,0,64
1754,553648128,4,0,64
1755,436207616,3,0,64
1756,637534208,8,0,64
1757,536870912,2,0,64
1758,419430400,3,0,64
1759,503316480,2,0,64
1760,637534208,6,0,64
1761,452984832,3,0,64
1762,536870912,4,0,64
1763,520093696,2,0,64
1764,570425344,7,0,64
1765,536870912,4,0,64
1766,503316480,3,0,64
1767,486539264,3,0,64
1768,553648128,4,0,64
1769,503316480,3,0,64
1770,503316480,5,0,64
1771,503316480,5,0,64
1772,570425344,4,0,64
1773,503316480,7,0,64
1774,536870912,4,0,64
1775,536870912,2,0,64
1776,520093696,5,0,64
1777,469762048,1,0,64
1778,553648128,2,0,64
1779,553648128,5,0,64
1780,503316480,3,0,64
1781,486539264,3,0,64
1782,587202560,8,0,64
1783,503316480,5,0,64
1784,553648128,5,0,64
1785,503316480,3,0,64
1786,520093696,5,0,64
1787,570425344,3,0,64
1788,436207616,1,0,64
1789,553648128,4,0,64
1790,503316480,5,0,64
1791,520093696,5,0,64
1792,553648128,1,0,64
1793,536870912,4,0,64
1794,520093696,3,0,64
1795,520093696,2,0,64
1796,503316480,4,0,64
1797,436207616,4,0,64
1798,637534208,5,0,64
1799,520093696,7,0,64
1800,520093696,4,0,64
1801,503316480,4,0,64
1802,503316480,2,0,64
1803,603979776,7,0,64
1804,452984832,3,0,64
1805,520093696,1,0,64
1806,520093696,5,0,64
1807,486539264,2,0,64
1808,553648128,6,0,64
1809,620756992,4,0,64
1810,419430400,2,0,64
1811,620756992,6,0,64
1812,486539264,5,0,64
1813,452984832,4,0,64
1814,587202560,6,0,64
1815,520093696,3,0,64
1816,486539264,1,0,64
1817,520093696,2,0,64
1818,620756992,6,0,64
1819,402653184,2,0,64
1820,587202560,4,0,64
1821,536870912,9,0,64
1822,503316480,3,0,64
1823,536870912,2,0,64
1824,536870912,3,0,64
1825,503316480,8,0,64
1826,603979776,5,0,64
1827,419430400,4,0,64
1828,570425344,1,0,64
1829,402653184,4,0,64
1830,603979776,4,0,64
1831,503316480,1,0,64
1832,620756992,4,0,64
1833,469762048,3,0,64
1834,553648128,4,0,64
1835,385875968,2,0,64
1836,620756992,7,0,64
1837,553648128,6,0,64
1838,452984832,3,0,64
1839,637534208,3,0,64
1840,369098752,2,0,64
1841,603979776,2,0,64
1842,436207616,4,0,64
1843,637534208,7,0,64
1844,436207616,2,0,64
1845,570425344,7,0,64
1846,486539264,5,0,64
1847,570425344,6,0,64
1848,486539264,5,0,64
1849,486539264,2,0,64
1850,570425344,4,0,64
1851,553648128,1,0,64
1852,486539264,3,0,64
1853,520093696,4,0,64
1854,587202560,2,0,64
1855,469762048,4,0,64
1856,536870912,5,0,64
1857,587202560,5,0,64
1858,419430400,4,0,64
1859,587202560,2,0,64
1860,520093696,7,0,64
1861,503316480,5,0,64
1862,520093696,2,0,64
1863,503316480,4,0,64
1864,520093696,5,0,64
1865,520093696,4,0,64
1866,587202560,1,0,64
1867,436207616,4,0,64
1868,654311424,6,0,64
1869,436207616,4,0,64
1870,587202560,1,0,64
1871,385875968,3,0,64
1872,654311424,4,0,64
1873,503316480,4,0,64
1874,452984832,6,0,64
1875,469762048,4,0,64
1876,637534208,9,0,64
1877,469762048,2,0,64
1878,520093696,4,0,64
1879,603979776,5,0,64
1880,436207616,4,0,64
1881,587202560,1,0,64
1882,503316480,2,0,64
1883,486539264,6,0,64
1884,503316480,4,0,64
1885,570425344,2,0,64
1886,587202560,6,0,64
1887,419430400,1,0,64
1888,503316480,5,0,64
1889,620756992,3,0,64
1890,402653184,2,0,64
1891,570425344,3,0,64
1892,587202560,5,0,64
1893,486539264,3,0,64
1894,436207616,4,0,64
1895,603979776,3,0,64
1896,503316480,6,0,64
1897,587202560,4,0,64
1898,436207616,5,0,64
1899,520093696,6,0,64
1900,536870912,5,0,64
1901,587202560,8,0,64
1902,469762048,2,0,64
1903,587202560,2,0,64
1904,436207616,4,0,64
1905,587202560,4,0,64
1906,520093696,1,0,64
1907,452984832,1,0,64
1908,553648128,4,0,64
1909,553648128,8,0,64
1910,520093696,3,0,64
1911,536870912,4,0,64
1912,536870912,4,0,64
1913,436207616,1,0,64
1914,570425344,5,0,64
1915,587202560,7,0,64
1916,503316480,3,0,64
1917,452984832,3,0,64
1918,520093696,3,0,64
1919,603979776,7,0,64
1920,486539264,3,0,64
1921,536870912,4,0,64
1922,503316480,7,0,64
1923,536870912,3,0,64
1924,486539264,2,0,64
1925,587202560,6,0,64
1926,486539264,1,0,64
1927,536870912,0,0,64
1928,503316480,6,0,64
1929,486539264,2,0,64
1930,553648128,4,0,64
1931,520093696,3,0,64
1932,620756992,6,0,64
1933,402653184,5,0,64
1934,603979776,4,0,64
1935,536870912,6,0,64
1936,419430400,3,0,64
1937,603979776,6,0,64
1938,486539264,1,0,64
1939,553648128,6,0,64
1940,486539264,2,0,64
1941,536870912,5,0,64
1942,570425344,6,0,64
1943,486539264,4,0,64
1944,637534208,2,0,64
1945,385875968,3,0,64
1946,520093696,3,0,64
1947,553648128,3,0,64
1948,469762048,3,0,64
1949,603979776,3,0,64
1950,436207616,6,0,64
1951,654311424,3,0,64
1952,452984832,5,0,64
1953,503316480,2,0,64
1954,603979776,6,0,64
1955,385875968,3,0,64
1956,654311424,8,0,64
1957,486539264,5,0,64
1958,520093696,2,0,64
1959,503316480,4,0,64
1960,486539264,3,0,64
1961,620756992,4,0,64
1962,452984832,1,0,64
1963,536870912,5,0,64
1964,570425344,4,0,64
1965,436207616,4,0,64
1966,620756992,3,0,64
1967,436207616,1,0,64
1968,603979776,4,0,64
1969,503316480,8,0,64
1970,469762048,7,0,64
1971,620756992,3,0,64
1972,469762048,3,0,64
1973,419430400,1,0,64
1974,687865856,8,0,64
1975,402653184,3,0,64
1976,536870912,2,0,64
1977,637534208,6,0,64
1978,452984832,1,0,64
1979,553648128,1,0,64
1980,402653184,5,0,64
1981,603979776,5,0,64
1982,553648128,7,0,64
1983,469762048,4,0,64
1984,603979776,4,0,64
1985,452984832,2,0,64
1986,503316480,4,0,64
1987,587202560,5,0,64
1988,587202560,4,0,64
1989,385875968,1,0,64
1990,587202560,4,0,64
1991,452984832,5,0,64
1992,536870912,5,0,64
1993,620756992,3,0,64
1994,402653184,2,0,64
1995,587202560,6,0,64
1996,520093696,1,0,64
1997,520093696,7,0,64
1998,587202560,5,0,64
1999,419430400,3,0,64
2000,570425344,5,0,64
2001,570425344,3,0,64
2002,452984832,6,0,64
2003,603979776,2,0,64
2004,486539264,3,0,64
2005,486539264,3,0,64
2006,587202560,6,0,64
2007,503316480,4,0,64
2008,486539264,4,0,64
2009,520093696,5,0,64
2010,620756992,4,0,64
2011,452984832,3,0,64
2012,536870912,3,0,64
2013,503316480,8,0,64
2014,503316480,2,0,64
2015,620756992,4,0,64
2016,385875968,1,0,64
2017,570425344,2,0,64
2018,536870912,2,0,64
2019,536870912,6,0,64
2020,503316480,1,0,64
2021,570425344,5,0,64
2022,520093696,5,0,64
2023,486539264,2,0,64
2024,452984832,8,0,64
2025,536870912,4,0,64
2026,587202560,6,0,64
2027,486539264,6,0,64
2028,587202560,3,0,64
2029,503316480,2,0,64
2030,520093696,2,0,64
2031,536870912,5,0,64
2032,536870912,6,0,64
2033,486539264,4,0,64
2034,503316480,4,0,64
2035,587202560,3,0,64
2036,570425344,8,0,64
2037,436207616,1,0,64
2038,503316480,3,0,64
2039,587202560,3,0,64
2040,520093696,1,0,64
2041,536870912,2,0,64
2042,419430400,4,0,64
2043,570425344,6,0,64
2044,603979776,7,0,64
2045,469762048,3,0,64
2046,486539264,4,0,64
2047,553648128,3,0,64
2048,570425344,6,0,64
2049,503316480,5,0,64
2050,553648128,3,0,64
2051,503316480,3,0,64
2052,486539264,5,0,64
2053,603979776,2,0,64
2054,419430400,3,0,64
2055,553648128,2,0,64
2056,520093696,3,0,64
2057,520093696,5,0,64
2058,536870912,8,0,64
2059,486539264,3,0,64
2060,536870912,2,0,64
2061,469762048,3,0,64
2062,637534208,7,0,64
2063,436207616,4,0,64
2064,587202560,5,0,64
2065,469762048,3,0,64
2066,520093696,5,0,64
2067,520093696,3,0,64
2068,637534208,6,0,64
2069,452984832,3,0,64
2070,452984832,5,0,64
2071,587202560,1,0,64
2072,587202560,3,0,64
2073,469762048,4,0,64
2074,486539264,5,0,64
2075,587202560,2,0,64
2076,486539264,2,0,64
2077,553648128,3,0,64
2078,520093696,4,0,64
2079,553648128,5,0,64
2080,503316480,2,0,64
2081,486539264,2,0,64
2082,536870912,6,0,64
2083,520093696,7,0,64
2084,570425344,4,0,64
2085,469762048,2,0,64
2086,469762048,5,0,64
2087,570425344,9,0,64
2088,503316480,3,0,64
2089,587202560,6,0,64
2090,503316480,2,0,64
2091,536870912,2,0,64
2092,469762048,3,0,64
2093,587202560,4,0,64
2094,503316480,5,0,64
2095,503316480,6,0,64
2096,570425344,3,0,64
2097,452984832,5,0,64
2098,570425344,3,0,64
2099,520093696,4,0,64
2100,486539264,5,0,64
2101,553648128,4,0,64
2102,486539264,3,0,64
2103,520093696,1,0,64
2104,570425344,4,0,64
2105,520093696,5,0,64
2106,553648128,7,0,64
2107,553648128,3,0,64
2108,419430400,0,0,64
2109,620756992,5,0,64
2110,520093696,1,0,64
2111,419430400,2,0,64
2112,603979776,4,0,64
2113,486539264,2,0,64
2114,570425344,9,0,64
2115,469762048,5,0,64
2116,570425344,3,0,64
2117,570425344,5,0,64
2118,385875968,3,0,64
2119,620756992,3,0,64
2120,553648128,6,0,64
2121,452984832,1,0,64
2122,452984832,1,0,64
2123,654311424,5,0,64
2124,553648128,10,0,64
2125,402653184,3,0,64
2126,637534208,5,0,64
2127,553648128,8,0,64
2128,369098752,3,0,64
2129,603979776,3,0,64
2130,520093696,4,0,64
2131,486539264,1,0,64
2132,553648128,2,0,64
2133,553648128,5,0,64
2134,520093696,3,0,64
2135,570425344,4,0,64
2136,469762048,4,0,64
2137,486539264,2,0,64
2138,536870912,8,0,64
2139,553648128,5,0,64
2140,536870912,4,0,64
2141,469762048,2,0,64
2142,553648128,4,0,64
2143,536870912,3,0,64
2144,536870912,3,0,64
2145,520093696,3,0,64
2146,503316480,4,0,64
2147,503316480,4,0,64
2148,520093696,4,0,64
2149,553648128,4,0,64
2150,503316480,1,0,64
2151,520093696,5,0,64
2152,503316480,5,0,64
2153,603979776,2,0,64
2154,520093696,6,0,64
2155,402653184,2,0,64
2156,570425344,10,0,64
2157,654311424,2,0,64
2158,452984832,3,0,64
2159,436207616,5,0,64
2160,620756992,4,0,64
2161,536870912,5,0,64
2162,402653184,5,0,64
2163,553648128,2,0,64
2164,553648128,1,0,64
2165,553648128,4,0,64
2166,536870912,6,0,64
2167,536870912,8,0,64
2168,419430400,1,0,64
2169,620756992,4,0,64
2170,553648128,5,0,64
2171,452984832,3,0,64
2172,570425344,2,0,64
2173,536870912,4,0,64
2174,486539264,1,0,64
2175,486539264,4,0,64
2176,536870912,4,0,64
2177,536870912,6,0,64
2178,469762048,2,0,64
2179,553648128,7,0,64
2180,520093696,5,0,64
2181,603979776,4,0,64
2182,486539264,1,0,64
2183,536870912,4,0,64
2184,469762048,5,0,64
2185,587202560,3,0,64
2186,469762048,4,0,64
2187,587202560,5,0,64
2188,503316480,1,0,64
2189,536870912,5,0,64
2190,469762048,5,0,64
2191,486539264,5,0,64
2192,603979776,6,0,64
2193,520093696,5,0,64
2194,452984832,1,0,64
2195,520093696,4,0,64
2196,570425344,3,0,64
2197,587202560,5,0,64
2198,486539264,5,0,64
2199,536870912,3,0,64
2200,469762048,1,0,64
2201,520093696,3,0,64
2202,536870912,5,0,64
2203,603979776,3,0,64
2204,436207616,2,0,64
2205,587202560,5,0,64
2206,486539264,4,0,64
2207,520093696,5,0,64
2208,520093696,9,0,64
2209,486539264,2,0,64
2210,536870912,3,0,64
2211,587202560,4,0,64
2212,452984832,2,0,64
2213,553648128,4,0,64
2214,587202560,5,0,64
2215,436207616,1,0,64
2216,520093696,4,0,64
2217,570425344,6,0,64
2218,503316480,6,0,64
2219,536870912,5,0,64
2220,536870912,3,0,64
2221,536870912,2,0,64
2222,486539264,2,0,64
2223,570425344,5,0,64
2224,486539264,4,0,64
2225,520093696,2,0,64
2226,536870912,6,0,64
2227,503316480,3,0,64
2228,603979776,6,0,64
2229,486539264,4,0,64
2230,486539264,2,0,64
2231,503316480,2,0,64
2232,570425344,4,0,64
2233,503316480,4,0,64
2234,503316480,4,0,64
2235,486539264,6,0,64
2236,620756992,8,0,64
2237,436207616,1,0,64
2238,620756992,6,0,64
2239,503316480,2,0,64
2240,520093696,6,0,64
2241,520093696,1,0,64
2242,553648128,5,0,64
2243,503316480,3,0,64
2244,503316480,5,0,64
2245,536870912,5,0,64
2246,486539264,6,0,64
2247,536870912,1,0,64
2248,620756992,1,0,64
2249,436207616,2,0,64
2250,503316480,4,0,64
2251,603979776,5,0,64
2252,469762048,4,0,64
2253,553648128,6,0,64
2254,469762048,2,0,64
2255,603979776,6,0,64
2256,520093696,3,0,64
2257,436207616,2,0,64
2258,553648128,7,0,64
2259,520093696,4,0,64
2260,553648128,3,0,64
2261,570425344,4,0,64
2262,436207616,7,0,64
2263,587202560,3,0,64
2264,536870912,2,0,64
2265,486539264,6,0,64
2266,603979776,5,0,64
2267,436207616,2,0,64
2268,520093696,5,0,64
2269,587202560,4,0,64
2270,419430400,2,0,64
2271,553648128,2,0,64
2272,587202560,3,0,64
2273,469762048,5,0,64
2274,452984832,2,0,64
2275,671088640,5,0,64
2276,469762048,4,0,64
2277,503316480,4,0,64
2278,520093696,4,0,64
2279,553648128,9,0,64
2280,452984832,5,0,64
2281,654311424,6,0,64
2282,486539264,2,0,64
2283,436207616,1,0,64
2284,620756992,3,0,64
2285,469762048,1,0,64
2286,503316480,4,0,64
2287,587202560,5,0,64
2288,419430400,2,0,64
2289,620756992,4,0,64
2290,536870912,5,0,64
2291,469762048,5,0,64
2292,671088640,3,0,64
2293,402653184,5,0,64
2294,520093696,5,0,64
2295,452984832,4,0,64
2296,654311424,2,0,64
2297,503316480,4,0,64
2298,419430400,3,0,64
2299,570425344,3,0,64
2300,536870912,8,0,64
2301,587202560,3,0,64
2302,469762048,4,0,64
2303,553648128,5,0,64
2304,486539264,4,0,64
2305,553648128,3,0,64
2306,486539264,3,0,64
2307,553648128,2,0,64
2308,503316480,9,0,64
2309,520093696,3,0,64
2310,671088640,5,0,64
2311,385875968,2,0,64
2312,570425344,4,0,64
2313,503316480,3,0,64
2314,520093696,1,0,64
2315,536870912,4,0,64
2316,503316480,5,0,64
2317,570425344,3,0,64
2318,436207616,3,0,64
2319,603979776,6,0,64
2320,469762048,5,0,64
2321,536870912,3,0,64
2322,503316480,3,0,64
2323,486539264,5,0,64
2324,704643072,6,0,64
2325,402653184,3,0,64
2326,570425344,4,0,64
2327,520093696,8,0,64
2328,486539264,2,0,64
2329,603979776,3,0,64
2330,469762048,2,0,64
2331,503316480,4,0,64
2332,503316480,4,0,64
2333,536870912,1,0,64
2334,603979776,8,0,64
2335,486539264,3,0,64
2336,520093696,3,0,64
2337,486539264,5,0,64
2338,603979776,4,0,64
2339,469762048,2,0,64
2340,486539264,2,0,64
2341,687865856,4,0,64
2342,369098752,2,0,64
2343,553648128,8,0,64
2344,570425344,6,0,64
2345,503316480,5,0,64
2346,452984832,1,0,64
2347,637534208,4,0,64
2348,503316480,4,0,64
2349,536870912,6,0,64
2350,436207616,4,0,64
2351,570425344,5,0,64
2352,553648128,3,0,64
2353,486539264,4,0,64
2354,503316480,3,0,64
2355,587202560,3,0,64
2356,469762048,2,0,64
2357,704643072,6,0,64
2358,385875968,1,0,64
2359,486539264,1,0,64
2360,520093696,6,0,64
2361,553648128,9,0,64
2362,536870912,3,0,64
2363,503316480,2,0,64
2364,570425344,2,0,64
2365,419430400,4,0,64
2366,603979776,5,0,64
2367,486539264,2,0,64
2368,520093696,4,0,64
2369,587202560,9,0,64
2370,469762048,5,0,64
2371,520093696,4,0,64
2372,570425344,1,0,64
2373,486539264,6,0,64
2374,503316480,6,0,64
2375,503316480,1,0,64
2376,637534208,3,0,64
2377,385875968,4,0,64
2378,671088640,4,0,64
2379,419430400,4,0,64
2380,536870912,6,0,64
2381,570425344,5,0,64
2382,553648128,2,0,64
2383,469762048,2,0,64
2384,570425344,4,0,64
2385,419430400,3,0,64
2386,587202560,6,0,64
2387,520093696,3,0,64
2388,520093696,4,0,64
2389,503316480,3,0,64
2390,503316480,5,0,64
2391,603979776,4,0,64
2392,452984832,1,0,64
2393,620756992,7,0,64
2394,486539264,1,0,64
2395,486539264,4,0,64
2396,520093696,1,0,64
2397,603979776,6,0,64
2398,486539264,7,0,64
2399,486539264,3,0,64
2400,603979776,5,0,64
2401,402653184,0,0,64
2402,587202560,6,0,64
2403,553648128,7,0,64
2404,486539264,2,0,64
2405,503316480,3,0,64
2406,520093696,2,0,64
2407,570425344,1,0,64
2408,436207616,5,0,64
2409,587202560,8,0,64
2410,553648128,7,0,64
2411,486539264,6,0,64
2412,536870912,2,0,64
2413,620756992,4,0,64
2414,419430400,2,0,64
2415,553648128,6,0,64
2416,503316480,2,0,64
2417,503316480,4,0,64
2418,620756992,4,0,64
2419,419430400,1,0,64
2420,503316480,2,0,64
2421,553648128,4,0,64
2422,536870912,10,0,64
2423,503316480,2,0,64
2424,503316480,2,0,64
2425,587202560,6,0,64
2426,503316480,1,0,64
2427,536870912,4,0,64
2428,469762048,7,0,64
2429,553648128,4,0,64
2430,503316480,2,0,64
2431,536870912,2,0,64
2432,503316480,5,0,64
2433,469762048,5,0,64
2434,587202560,7,0,64
2435,486539264,4,0,64
2436,603979776,2,0,64
2437,402653184,2,0,64
2438,587202560,4,0,64
2439,570425344,5,0,64
2440,486539264,3,0,64
2441,603979776,7,0,64
2442,469762048,2,0,64
2443,486539264,1,0,64
2444,452984832,2,0,64
2445,637534208,6,0,64
2446,486539264,2,0,64
2447,520093696,5,0,64
2448,452984832,3,0,64
2449,503316480,3,0,64
2450,587202560,5,0,64
2451,452984832,4,0,64
2452,553648128,5,0,64
2453,620756992,7,0,64
2454,352321536,1,0,64
2455,654311424,9,0,64
2456,486539264,3,0,64
2457,486539264,4,0,64
2458,570425344,4,0,64
2459,520093696,3,0,64
2460,469762048,3,0,64
2461,587202560,5,0,64
2462,486539264,3,0,64
2463,536870912,4,0,64
2464,486539264,4,0,64
2465,520093696,3,0,64
2466,587202560,3,0,64
2467,486539264,2,0,64
2468,520093696,5,0,64
2469,503316480,3,0,64
2470,536870912,6,0,64
2471,486539264,2,0,64
2472,520093696,3,0,64
2473,536870912,7,0,64
2474,570425344,4,0,64
2475,469762048,4,0,64
2476,503316480,2,0,64
2477,570425344,6,0,64
2478,520093696,3,0,64
2479,436207616,4,0,64
2480,587202560,6,0,64
2481,536870912,3,0,64
2482,553648128,2,0,64
2483,385875968,5,0,64
2484,587202560,5,0,64
2485,570425344,3,0,64
2486,486539264,2,0,64
2487,570425344,3,0,64
2488,503316480,0,0,64
2489,469762048,8,0,64
2490,536870912,5,0,64
2491,486539264,4,0,64
2492,553648128,5,0,64
2493,520093696,3,0,64
2494,520093696,3,0,64
2495,570425344,7,0,64
2496,452984832,4,0,64
2497,587202560,3,0,64
2498,469762048,4,0,64
2499,553648128,4,0,64
2500,486539264,1,0,64
2501,536870912,3,0,64
2502,503316480,5,0,64
2503,536870912,1,0,64
2504,486539264,7,0,64
2505,620756992,3,0,64
2506,436207616,3,0,64
2507,503316480,6,0,64
2508,603979776,2,0,64
2509,469762048,6,0,64
2510,553648128,2,0,64
2511,469762048,5,0,64
2512,570425344,3,0,64
2513,536870912,10,0,64
2514,503316480,4,0,64
2515,503316480,2,0,64
2516,486539264,5,0,64
2517,570425344,4,0,64
2518,536870912,3,0,64
2519,553648128,3,0,64
2520,419430400,1,0,64
2521,587202560,2,0,64
2522,503316480,2,0,64
2523,587202560,5,0,64
2524,469762048,7,0,64
2525,486539264,4,0,64
2526,503316480,5,0,64
2527,553648128,5,0,64
2528,520093696,4,0,64
2529,503316480,5,0,64
2530,520093696,1,0,64
2531,503316480,1,0,64
2532,587202560,5,0,64
2533,486539264,4,0,64
2534,570425344,5,0,64
2535,452984832,3,0,64
2536,536870912,4,0,64
2537,553648128,4,0,64
2538,469762048,4,0,64
2539,536870912,5,0,64
2540,587202560,3,0,64
2541,469762048,2,0,64
2542,603979776,4,0,64
2543,436207616,4,0,64
2544,520093696,3,0,64
2545,520093696,7,0,64
2546,637534208,4,0,64
2547,436207616,5,0,64
2548,536870912,3,0,64
2549,503316480,6,0,64
2550,486539264,3,0,64
2551,570425344,3,0,64
2552,486539264,3,0,64
2553,553648128,6,0,64
2554,469762048,3,0,64
2555,587202560,4,0,64
2556,503316480,1,0,64
2557,520093696,7,0,64
2558,536870912,2,0,64
2559,503316480,5,0,64
2560,536870912,5,0,64
2561,520093696,2,0,64
2562,419430400,1,0,64
2563,671088640,5,0,64
2564,469762048,3,0,64
2565,520093696,3,0,64
2566,520093696,6,0,64
2567,486539264,6,0,64
2568,503316480,7,0,64
2569,587202560,5,0,64
2570,503316480,2,0,64
2571,503316480,3,0,64
2572,536870912,3,0,64
2573,536870912,3,0,64
2574,553648128,3,0,64
2575,486539264,4,0,64
2576,536870912,0,0,64
2577,553648128,5,0,64
2578,452984832,5,0,64
2579,520093696,8,0,64
2580,536870912,4,0,64
2581,486539264,5,0,64
2582,570425344,1,0,64
2583,520093696,5,0,64
2584,486539264,4,0,64
2585,603979776,5,0,64
2586,436207616,3,0,64
2587,570425344,4,0,64
2588,503316480,4,0,64
2589,553648128,4,0,64
2590,486539264,1,0,64
2591,553648128,2,0,64
2592,553648128,3,0,64
2593,469762048,5,0,64
2594,503316480,4,0,64
2595,553648128,4,0,64
2596,486539264,5,0,64
2597,486539264,8,0,64
2598,620756992,6,0,64
2599,503316480,1,0,64
2600,536870912,6,0,64
2601,402653184,2,0,64
2602,654311424,5,0,64
2603,452984832,3,0,64
2604,570425344,3,0,64
2605,503316480,1,0,64
2606,570425344,5,0,64
2607,436207616,1,0,64
2608,486539264,3,0,64
2609,637534208,6,0,64
2610,419430400,4,0,64
2611,587202560,4,0,64
2612,520093696,3,0,64
2613,469762048,3,0,64
2614,570425344,3,0,64
2615,486539264,5,0,64
2616,603979776,6,0,64
2617,402653184,4,0,64
2618,637534208,5,0,64
2619,469762048,5,0,64
2620,503316480,6,0,64
2621,553648128,4,0,64
2622,452984832,2,0,64
2623,671088640,4,0,64
2624,486539264,3,0,64
2625,452984832,4,0,64
2626,553648128,8,0,64
2627,486539264,4,0,64
2628,587202560,2,0,64
2629,452984832,3,0,64
2630,603979776,3,0,64
2631,385875968,1,0,64
2632,620756992,5,0,64
2633,486539264,5,0,64
2634,520093696,3,0,64
2635,570425344,4,0,64
2636,520093696,5,0,64
2637,503316480,3,0,64
2638,553648128,4,0,64
2639,469762048,2,0,64
2640,587202560,6,0,64
2641,469762048,4,0,64
2642,536870912,4,0,64
2643,486539264,4,0,64
2644,587202560,6,0,64
2645,452984832,2,0,64
2646,587202560,2,0,64
2647,436207616,4,0,64
2648,587202560,5,0,64
2649,520093696,4,0,64
2650,536870912,4,0,64
2651,469762048,2,0,64
2652,570425344,5,0,64
2653,402653184,2,0,64
2654,654311424,3,0,64
2655,452984832,3,0,64
2656,587202560,6,0,64
2657,536870912,4,0,64
2658,536870912,5,0,64
2659,452984832,6,0,64
2660,520093696,3,0,64
2661,503316480,5,0,64
2662,553648128,3,0,64
2663,486539264,4,0,64
2664,603979776,4,0,64
2665,570425344,7,0,64
2666,469762048,2,0,64
2667,503316480,1,0,64
2668,503316480,4,0,64
2669,553648128,3,0,64
2670,603979776,6,0,64
2671,385875968,3,0,64
2672,570425344,4,0,64
2673,536870912,6,0,64
2674,486539264,3,0,64
2675,536870912,1,0,64
2676,486539264,2,0,64
2677,654311424,9,0,64
2678,369098752,4,0,64
2679,587202560,6,0,64
2680,503316480,3,0,64
2681,553648128,2,0,64
2682,486539264,4,0,64
2683,436207616,3,0,64
2684,671088640,3,0,64
2685,503316480,1,0,64
2686,503316480,8,0,64
2687,503316480,4,0,64
2688,553648128,3,0,64
2689,536870912,3,0,64
2690,486539264,5,0,64
2691,503316480,5,0,64
2692,553648128,3,0,64
2693,503316480,4,0,64
2694,536870912,4,0,64
2695,536870912,1,0,64
2696,553648128,10,0,64
2697,486539264,4,0,64
2698,553648128,2,0,64
2699,503316480,5,0,64
2700,503316480,1,0,64
2701,503316480,3,0,64
2702,486539264,4,0,64
2703,570425344,4,0,64
2704,603979776,5,0,64
2705,469762048,3,0,64
2706,469762048,4,0,64
2707,553648128,6,0,64
2708,503316480,4,0,64
2709,520093696,6,0,64
2710,620756992,1,0,64
2711,469762048,3,0,64
2712,469762048,4,0,64
2713,553648128,1,0,64
2714,486539264,6,0,64
2715,553648128,6,0,64
2716,486539264,3,0,64
2717,553648128,6,0,64
2718,536870912,6,0,64
2719,469762048,0,0,64
2720,570425344,2,0,64
2721,553648128,4,0,64
2722,452984832,1,0,64
2723,587202560,4,0,64
2724,486539264,3,0,64
2725,536870912,5,0,64
2726,486539264,11,0,64
2727,520093696,3,0,64
2728,553648128,1,0,64
2729,553648128,5,0,64
2730,503316480,3,0,64
2731,520093696,4,0,64
2732,503316480,4,0,64
2733,587202560,2,0,64
2734,503316480,3,0,64
2735,452984832,5,0,64
2736,587202560,6,0,64
2737,486539264,4,0,64
2738,536870912,9,0,64
2739,536870912,3,0,64
2740,503316480,2,0,64
2741,620756992,1,0,64
2742,486539264,4,0,64
2743,436207616,4,0,64
2744,587202560,3,0,64
2745,486539264,4,0,64
2746,587202560,3,0,64
2747,419430400,3,0,64
2748,520093696,3,0,64
2749,620756992,3,0,64
2750,419430400,6,0,64
2751,704643072,3,0,64
2752,335544320,3,0,64
2753,553648128,11,0,64
2754,587202560,5,0,64
2755,469762048,3,0,64
2756,570425344,4,0,64
2757,419430400,4,0,64
2758,620756992,5,0,64
2759,469762048,4,0,64
2760,637534208,2,0,64
2761,369098752,2,0,64
2762,637534208,3,0,64
2763,469762048,3,0,64
2764,587202560,4,0,64
2765,436207616,1,0,64
2766,587202560,2,0,64
2767,469762048,8,0,64
2768,520093696,4,0,64
2769,536870912,4,0,64
2770,570425344,6,0,64
2771,452984832,1,0,64
2772,553648128,5,0,64
2773,486539264,4,0,64
2774,620756992,4,0,64
2775,486539264,3,0,64
2776,469762048,4,0,64
2777,553648128,2,0,64
2778,553648128,7,0,64
2779,469762048,2,0,64
2780,587202560,7,0,64
2781,536870912,5,0,64
2782,520093696,3,0,64
2783,486539264,2,0,64
2784,503316480,6,0,64
2785,520093696,4,0,64
2786,620756992,5,0,64
2787,402653184,2,0,64
2788,553648128,3,0,64
2789,553648128,6,0,64
2790,469762048,5,0,64
2791,553648128,3,0,64
2792,570425344,2,0,64
2793,469762048,4,0,64
2794,570425344,4,0,64
2795,469762048,2,0,64
2796,587202560,4,0,64
2797,520093696,6,0,64
2798,452984832,3,0,64
2799,570425344,5,0,64
2800,536870912,4,0,64
2801,469762048,3,0,64
2802,553648128,2,0,64
2803,469762048,4,0,64
2804,587202560,6,0,64
2805,570425344,2,0,64
2806,503316480,7,0,64
2807,452984832,3,0,64
2808,536870912,8,0,64
2809,536870912,3,0,64
2810,536870912,3,0,64
2811,486539264,6,0,64
2812,570425344,2,0,64
2813,520093696,2,0,64
2814,553648128,2,0,64
2815,436207616,1,0,64
2816,553648128,4,0,64
2817,570425344,5,0,64
2818,469762048,1,0,64
2819,570425344,9,0,64
2820,452984832,4,0,64
2821,520093696,4,0,64
2822,620756992,6,0,64
2823,469762048,3,0,64
2824,503316480,1,0,64
2825,570425344,3,0,64
2826,469762048,6,0,64
2827,553648128,4,0,64
2828,469762048,3,0,64
2829,587202560,7,0,64
2830,553648128,4,0,64
2831,486539264,5,0,64
2832,536870912,1,0,64
2833,486539264,2,0,64
2834,603979776,4,0,64
2835,436207616,2,0,64
2836,553648128,6,0,64
2837,553648128,4,0,64
2838,553648128,5,0,64
2839,436207616,4,0,64
2840,570425344,4,0,64
2841,520093696,4,0,64
2842,553648128,4,0,64
2843,486539264,7,0,64
2844,452984832,2,0,64
2845,553648128,4,0,64
2846,587202560,4,0,64
2847,452984832,4,0,64
2848,536870912,5,0,64
2849,570425344,2,0,64
2850,536870912,6,0,64
2851,486539264,3,0,64
2852,536870912,0,0,64
2853,503316480,1,0,64
2854,553648128,4,0,64
2855,520093696,5,0,64
2856,520093696,4,0,64
2857,452984832,7,0,64
2858,587202560,6,0,64
2859,469762048,4,0,64
2860,620756992,6,0,64
2861,436207616,4,0,64
2862,603979776,3,0,64
2863,503316480,4,0,64
2864,469762048,4,0,64
2865,570425344,3,0,64
2866,469762048,1,0,64
2867,637534208,2,0,64
2868,419430400,3,0,64
2869,536870912,3,0,64
2870,553648128,5,0,64
2871,553648128,9,0,64
2872,452984832,2,0,64
2873,536870912,2,0,64
2874,587202560,6,0,64
2875,436207616,6,0,64
2876,520093696,3,0,64
2877,620756992,3,0,64
2878,452984832,3,0,64
2879,587202560,8,0,64
2880,469762048,1,0,64
2881,503316480,2,0,64
2882,536870912,2,0,64
2883,486539264,2,0,64
2884,570425344,7,0,64
2885,570425344,3,0,64
2886,503316480,4,0,64
2887,436207616,7,0,64
2888,553648128,5,0,64
2889,570425344,1,0,64
2890,486539264,6,0,64
2891,536870912,5,0,64
2892,469762048,5,0,64
2893,620756992,3,0,64
2894,419430400,4,0,64
2895,620756992,4,0,64
2896,553648128,2,0,64
2897,402653184,4,0,64
2898,570425344,1,0,64
2899,503316480,4,0,64
2900,536870912,7,0,64
2901,553648128,5,0,64
2902,469762048,1,0,64
2903,536870912,5,0,64
2904,503316480,5,0,64
2905,587202560,3,0,64
2906,536870912,2,0,64
2907,469762048,4,0,64
2908,553648128,5,0,64
2909,536870912,2,0,64
2910,503316480,6,0,64
2911,520093696,4,0,64
2912,536870912,3,0,64
2913,436207616,7,0,64
2914,587202560,5,0,64
2915,570425344,4,0,64
2916,503316480,2,0,64
2917,553648128,2,0,64
2918,503316480,2,0,64
2919,536870912,4,0,64
2920,520093696,3,0,64
2921,536870912,7,0,64
2922,436207616,3,0,64
2923,536870912,5,0,64
2924,587202560,3,0,64
2925,486539264,5,0,64
2926,570425344,4,0,64
2927,536870912,5,0,64
2928,503316480,7,0,64
2929,452984832,4,0,64
2930,603979776,1,0,64
2931,486539264,3,0,64
2932,536870912,2,0,64
2933,503316480,3,0,64
2934,570425344,4,0,64
2935,436207616,1,0,64
2936,570425344,5,0,64
2937,503316480,8,0,64
2938,553648128,6,0,64
2939,520093696,4,0,64
2940,503316480,6,0,64
2941,570425344,2,0,64
2942,520093696,4,0,64
2943,452984832,3,0,64
2944,520093696,2,0,64
2945,603979776,3,0,64
2946,520093696,4,0,64
2947,452984832,5,0,64
2948,587202560,3,0,64
2949,520093696,4,0,64
2950,536870912,5,0,64
2951,503316480,4,0,64
2952,553648128,3,0,64
2953,452984832,3,0,64
2954,587202560,7,0,64
2955,486539264,1,0,64
2956,603979776,2,0,64
2957,469762048,2,0,64
2958,503316480,2,0,64
2959,520093696,7,0,64
2960,553648128,4,0,64
2961,520093696,5,0,64
2962,520093696,10,0,64
2963,536870912,4,0,64
2964,570425344,2,0,64
2965,402653184,3,0,64
2966,587202560,4,0,64
2967,486539264,7,0,64
2968,536870912,5,0,64
2969,486539264,2,0,64
2970,587202560,2,0,64
2971,520093696,4,0,64
2972,536870912,4,0,64
2973,503316480,1,0,64
2974,503316480,4,0,64
2975,553648128,8,0,64
2976,553648128,3,0,64
2977,469762048,6,0,64
2978,553648128,0,0,64
2979,486539264,4,0,64
2980,553648128,1,0,64
2981,503316480,3,0,64
2982,536870912,1,0,64
2983,553648128,4,0,64
2984,436207616,6,0,64
2985,620756992,7,0,64
2986,536870912,6,0,64
2987,452984832,4,0,64
2988,520093696,4,0,64
2989,570425344,6,0,64
2990,536870912,5,0,64
2991,486539264,3,0,64
2992,570425344,2,0,64
2993,469762048,3,0,64
2994,536870912,5,0,64
2995,570425344,4,0,64
2996,385875968,3,0,64
2997,570425344,5,0,64
2998,603979776,5,0,64
2999,486539264,0,0,64
3000,587202560,1,0,64
3001,452984832,4,0,64
3002,536870912,5,0,64
3003,603979776,4,0,64
3004,452984832,2,0,64
3005,553648128,5,0,64
3006,469762048,7,0,64
3007,536870912,4,0,64
3008,520093696,3,0,64
3009,503316480,5,0,64
3010,587202560,4,0,64
3011,452984832,3,0,64
3012,587202560,3,0,64
3013,520093696,7,0,64
3014,503316480,5,0,64
3015,469762048,6,0,64
3016,637534208,4,0,64
3017,436207616,1,0,64
3018,520093696,2,0,64
3019,587202560,5,0,64
3020,520093696,5,0,64
3021,486539264,2,0,64
3022,620756992,4,0,64
3023,369098752,3,0,64
3024,654311424,5,0,64
3025,469762048,3,0,64
3026,570425344,4,0,64
3027,469762048,2,0,64
3028,503316480,4,0,64
3029,536870912,3,0,64
3030,536870912,4,0,64
3031,570425344,6,0,64
3032,469762048,5,0,64
3033,520093696,4,0,64
3034,553648128,6,0,64
3035,486539264,3,0,64
3036,503316480,3,0,64
3037,536870912,6,0,64
3038,570425344,3,0,64
3039,436207616,4,0,64
3040,637534208,8,0,64
3041,385875968,2,0,64
3042,587202560,2,0,64
3043,603979776,2,0,64
3044,436207616,4,0,64
3045,587202560,3,0,64
3046,553648128,2,0,64
3047,419430400,3,0,64
3048,654311424,4,0,64
3049,469762048,5,0,64
3050,486539264,4,0,64
3051,587202560,5,0,64
3052,436207616,4,0,64
3053,587202560,2,0,64
3054,503316480,3,0,64
3055,520093696,9,0,64
3056,570425344,5,0,64
3057,503316480,3,0,64
3058,469762048,2,0,64
3059,553648128,5,0,64
3060,536870912,5,0,64
3061,503316480,0,0,64
3062,503316480,4,0,64
3063,536870912,8,0,64
3064,520093696,4,0,64
3065,603979776,1,0,64
3066,419430400,2,0,64
3067,587202560,4,0,64
3068,553648128,3,0,64
3069,486539264,6,0,64
3070,536870912,5,0,64
3071,452984832,4,0,64
3072,603979776,9,0,64
3073,469762048,3,0,64
3074,520093696,1,0,64
3075,603979776,5,0,64
3076,436207616,3,0,64
3077,520093696,5,0,64
3078,553648128,4,0,64
3079,536870912,3,0,64
3080,603979776,2,0,64
3081,419430400,1,0,64
3082,553648128,5,0,64
3083,452984832,3,0,64
3084,570425344,2,0,64
3085,553648128,6,0,64
3086,536870912,5,0,64
3087,520093696,3,0,64
3088,570425344,8,0,64
3089,419430400,4,0,64
3090,570425344,3,0,64
3091,452984832,2,0,64
3092,637534208,7,0,64
3093,520093696,5,0,64
3094,436207616,3,0,64
3095,637534208,4,0,64
3096,402653184,5,0,64
3097,603979776,4,0,64
3098,520093696,3,0,64
3099,503316480,2,0,64
3100,587202560,4,0,64
3101,520093696,3,0,64
3102,469762048,2,0,64
3103,553648128,1,0,64
3104,486539264,9,0,64
3105,553648128,6,0,64
3106,503316480,2,0,64
3107,553648128,3,0,64
3108,452984832,3,0,64
3109,587202560,5,0,64
3110,503316480,1,0,64
3111,637534208,8,0,64
3112,385875968,3,0,64
3113,553648128,6,0,64
3114,520093696,2,0,64
3115,520093696,4,0,64
3116,570425344,6,0,64
3117,503316480,2,0,64
3118,553648128,5,0,64
3119,503316480,5,0,64
3120,587202560,5,0,64
3121,436207616,0,0,64
3122,536870912,5,0,64
3123,536870912,5,0,64
3124,553648128,5,0,64
3125,486539264,0,0,64
3126,536870912,3,0,64
3127,486539264,4,0,64
3128,620756992,2,0,64
3129,419430400,3,0,64
3130,553648128,7,0,64
3131,570425344,6,0,64
3132,452984832,6,0,64
3133,536870912,3,0,64
3134,587202560,7,0,64
3135,436207616,1,0,64
3136,587202560,6,0,64
3137,503316480,2,0,64
3138,553648128,3,0,64
3139,520093696,5,0,64
3140,553648128,2,0,64
3141,469762048,4,0,64
3142,520093696,1,0,64
3143,536870912,7,0,64
3144,536870912,3,0,64
3145,469762048,3,0,64
3146,654311424,3,0,64
3147,419430400,4,0,64
3148,553648128,4,0,64
3149,486539264,5,0,64
3150,587202560,4,0,64
3151,503316480,5,0,64
3152,503316480,2,0,64
3153,570425344,6,0,64
3154,520093696,6,0,64
3155,520093696,2,0,64
3156,469762048,2,0,64
3157,536870912,8,0,64
3158,536870912,4,0,64
3159,553648128,3,0,64
3160,452984832,4,0,64
3161,587202560,4,0,64
3162,436207616,3,0,64
3163,603979776,3,0,64
3164,469762048,2,0,64
3165,570425344,4,0,64
3166,503316480,7,0,64
3167,486539264,3,0,64
3168,620756992,4,0,64
3169,436207616,5,0,64
3170,503316480,3,0,64
3171,587202560,4,0,64
3172,520093696,5,0,64
3173,520093696,3,0,64
3174,503316480,1,0,64
3175,553648128,5,0,64
3176,436207616,2,0,64
3177,687865856,5,0,64
3178,352321536,0,0,64
3179,603979776,6,0,64
3180,436207616,0,0,64
3181,603979776,9,0,64
3182,536870912,7,0,64
3183,503316480,4,0,64
3184,536870912,3,0,64
3185,553648128,5,0,64
3186,385875968,1,0,64
3187,654311424,3,0,64
3188,486539264,4,0,64
3189,520093696,5,0,64
3190,503316480,5,0,64
3191,553648128,4,0,64
3192,536870912,4,0,64
3193,536870912,3,0,64
3194,486539264,5,0,64
3195,536870912,4,0,64
3196,520093696,5,0,64
3197,553648128,3,0,64
3198,486539264,1,0,64
3199,536870912,5,0,64
3200,587202560,6,0,64
3201,419430400,0,0,64
3202,637534208,6,0,64
3203,486539264,5,0,64
3204,520093696,6,0,64
3205,486539264,3,0,64
3206,587202560,5,0,64
3207,536870912,6,0,64
3208,536870912,1,0,64
3209,452984832,3,0,64
3210,486539264,0,0,64
3211,570425344,4,0,64
3212,536870912,6,0,64
3213,536870912,2,0,64
3214,452984832,4,0,64
3215,587202560,6,0,64
3216,486539264,5,0,64
3217,603979776,3,0,64
3218,503316480,3,0,64
3219,436207616,2,0,64
3220,553648128,8,0,64
3221,587202560,6,0,64
3222,503316480,2,0,64
3223,503316480,2,0,64
3224,520093696,5,0,64
3225,436207616,0,0,64
3226,671088640,7,0,64
3227,520093696,6,0,64
3228,503316480,5,0,64
3229,452984832,2,0,64
3230,570425344,6,0,64
3231,536870912,1,0,64
3232,520093696,3,0,64
3233,503316480,4,0,64
3234,503316480,3,0,64
3235,587202560,7,0,64
3236,553648128,4,0,64
3237,452984832,2,0,64
3238,536870912,6,0,64
3239,503316480,2,0,64
3240,587202560,6,0,64
3241,553648128,7,0,64
3242,469762048,2,0,64
3243,520093696,5,0,64
3244,570425344,3,0,64
3245,469762048,2,0,64
3246,536870912,2,0,64
3247,503316480,1,0,64
3248,503316480,2,0,64
3249,536870912,7,0,64
3250,553648128,4,0,64
3251,503316480,2,0,64
3252,486539264,3,0,64
3253,620756992,8,0,64
3254,436207616,5,0,64
3255,553648128,7,0,64
3256,469762048,3,0,64
3257,553648128,7,0,64
3258,553648128,1,0,64
3259,536870912,3,0,64
3260,486539264,2,0,64
3261,553648128,3,0,64
3262,452984832,2,0,64
3263,587202560,2,0,64
3264,503316480,4,0,64
3265,553648128,8,0,64
3266,469762048,3,0,64
3267,603979776,8,0,64
3268,503316480,5,0,64
3269,436207616,2,0,64
3270,587202560,7,0,64
3271,553648128,3,0,64
3272,536870912,2,0,64
3273,486539264,3,0,64
3274,503316480,2,0,64
3275,654311424,3,0,64
3276,318767104,1,0,64
3277,587202560,5,0,64
3278,570425344,2,0,64
3279,486539264,9,0,64
3280,503316480,5,0,64
3281,570425344,3,0,64
3282,503316480,4,0,64
3283,570425344,6,0,64
3284,452984832,3,0,64
3285,570425344,6,0,64
3286,553648128,4,0,64
3287,469762048,4,0,64
3288,520093696,1,0,64
3289,503316480,2,0,64
3290,536870912,6,0,64
3291,536870912,1,0,64
3292,553648128,5,0,64
3293,452984832,1,0,64
3294,587202560,7,0,64
3295,503316480,4,0,64
3296,536870912,6,0,64
3297,436207616,6,0,64
3298,587202560,4,0,64
3299,520093696,3,0,64
3300,503316480,2,0,64
3301,570425344,2,0,64
3302,503316480,5,0,64
3303,503316480,6,0,64
3304,486539264,0,0,64
3305,654311424,4,0,64
3306,385875968,4,0,64
3307,570425344,4,0,64
3308,570425344,3,0,64
3309,570425344,6,0,64
3310,385875968,2,0,64
3311,503316480,6,0,64
3312,654311424,8,0,64
3313,436207616,5,0,64
3314,553648128,4,0,64
3315,520093696,1,0,64
3316,587202560,3,0,64
3317,419430400,2,0,64
3318,587202560,0,0,64
3319,503316480,5,0,64
3320,469762048,2,0,64
3321,620756992,4,0,64
3322,486539264,5,0,64
3323,452984832,4,0,64
3324,536870912,10,0,64
3325,570425344,4,0,64
3326,520093696,3,0,64
3327,469762048,1,0,64
3328,570425344,8,0,64
3329,503316480,4,0,64
3330,587202560,4,0,64
3331,436207616,0,0,64
3332,553648128,6,0,64
3333,486539264,1,0,64
3334,520093696,3,0,64
3335,553648128,2,0,64
3336,486539264,5,0,64
3337,536870912,3,0,64
3338,520093696,8,0,64
3339,503316480,8,0,64
3340,553648128,3,0,64
3341,436207616,3,0,64
3342,570425344,3,0,64
3343,486539264,2,0,64
3344,553648128,3,0,64
3345,536870912,4,0,64
3346,520093696,4,0,64
3347,503316480,4,0,64
3348,520093696,6,0,64
3349,570425344,3,0,64
3350,503316480,4,0,64
3351,469762048,2,0,64
3352,536870912,6,0,64
3353,520093696,4,0,64
3354,570425344,1,0,64
3355,553648128,4,0,64
3356,520093696,5,0,64
3357,436207616,3,0,64
3358,570425344,3,0,64
3359,469762048,5,0,64
3360,536870912,7,0,64
3361,536870912,5,0,64
3362,469762048,2,0,64
3363,620756992,6,0,64
3364,486539264,5,0,64
3365,486539264,4,0,64
3366,536870912,3,0,64
3367,520093696,3,0,64
3368,620756992,5,0,64
3369,452984832,1,0,64
3370,553648128,3,0,64
3371,469762048,1,0,64
3372,587202560,4,0,64
3373,419430400,2,0,64
3374,553648128,7,0,64
3375,520093696,4,0,64
3376,503316480,6,0,64
3377,570425344,3,0,64
3378,536870912,3,0,64
3379,587202560,2,0,64
3380,385875968,2,0,64
3381,570425344,4,0,64
3382,553648128,11,0,64
3383,486539264,5,0,64
3384,603979776,5,0,64
3385,469762048,2,0,64
3386,469762048,3,0,64
3387,553648128,3,0,64
3388,503316480,3,0,64
3389,503316480,5,0,64
3390,587202560,5,0,64
3391,486539264,4,0,64
3392,553648128,2,0,64
3393,520093696,3,0,64
3394,419430400,4,0,64
3395,654311424,3,0,64
3396,486539264,3,0,64
3397,486539264,6,0,64
3398,570425344,5,0,64
3399,452984832,3,0,64
3400,570425344,4,0,64
3401,553648128,6,0,64
3402,436207616,3,0,64
3403,637534208,6,0,64
3404,402653184,3,0,64
3405,536870912,1,0,64
3406,603979776,5,0,64
3407,452984832,4,0,64
3408,553648128,3,0,64
3409,587202560,6,0,64
3410,402653184,0,0,64
3411,570425344,5,0,64
3412,570425344,4,0,64
3413,536870912,8,0,64
3414,436207616,2,0,64
3415,570425344,1,0,64
3416,536870912,4,0,64
3417,486539264,4,0,64
3418,469762048,6,0,64
3419,637534208,1,0,64
3420,419430400,6,0,64
3421,603979776,3,0,64
3422,486539264,3,0,64
3423,520093696,3,0,64
3424,520093696,5,0,64
3425,520093696,4,0,64
3426,553648128,6,0,64
3427,587202560,5,0,64
3428,469762048,3,0,64
3429,486539264,5,0,64
3430,603979776,4,0,64
3431,486539264,4,0,64
3432,486539264,6,0,64
3433,570425344,3,0,64
3434,419430400,1,0,64
3435,620756992,2,0,64
3436,436207616,3,0,64
3437,654311424,6,0,64
3438,369098752,2,0,64
3439,553648128,4,0,64
3440,520093696,3,0,64
3441,570425344,7,0,64
3442,469762048,4,0,64
3443,587202560,9,0,64
3444,486539264,2,0,64
3445,486539264,4,0,64
3446,536870912,3,0,64
3447,553648128,2,0,64
3448,503316480,2,0,64
3449,503316480,2,0,64
3450,469762048,4,0,64
3451,654311424,1,0,64
3452,452984832,6,0,64
3453,503316480,8,0,64
3454,603979776,4,0,64
3455,520093696,4,0,64
3456,436207616,4,0,64
3457,587202560,4,0,64
3458,469762048,3,0,64
3459,570425344,5,0,64
3460,503316480,3,0,64
3461,469762048,2,0,64
3462,570425344,7,0,64
3463,486539264,3,0,64
3464,553648128,3,0,64
3465,520093696,6,0,64
3466,587202560,3,0,64
3467,452984832,3,0,64
3468,520093696,2,0,64
3469,536870912,2,0,64
3470,520093696,5,0,64
3471,520093696,2,0,64
3472,570425344,10,0,64
3473,486539264,4,0,64
3474,520093696,2,0,64
3475,469762048,6,0,64
3476,587202560,9,0,64
3477,520093696,0,0,64
3478,452984832,2,0,64
3479,603979776,3,0,64
3480,520093696,2,0,64
3481,469762048,4,0,64
3482,570425344,5,0,64
3483,503316480,2,0,64
3484,486539264,3,0,64
3485,570425344,7,0,64
3486,469762048,2,0,64
3487,570425344,5,0,64
3488,536870912,5,0,64
3489,469762048,3,0,64
3490,536870912,4,0,64
3491,503316480,2,0,64
3492,553648128,2,0,64
3493,503316480,7,0,64
3494,520093696,5,0,64
3495,620756992,4,0,64
3496,452984832,4,0,64
3497,419430400,4,0,64
3498,620756992,6,0,64
3499,520093696,3,0,64
3500,603979776,1,0,64
3501,452984832,3,0,64
3502,536870912,5,0,64
3503,536870912,4,0,64
3504,553648128,3,0,64
3505,503316480,5,0,64
3506,452984832,4,0,64
3507,553648128,4,0,64
3508,553648128,5,0,64
3509,419430400,2,0,64
3510,553648128,7,0,64
3511,587202560,5,0,64
3512,603979776,3,0,64
3513,419430400,2,0,64
3514,419430400,3,0,64
3515,687865856,5,0,64
3516,520093696,5,0,64
3517,452984832,4,0,64
3518,469762048,2,0,64
3519,637534208,6,0,64
3520,436207616,3,0,64
3521,520093696,6,0,64
3522,570425344,3,0,64
3523,553648128,4,0,64
3524,402653184,3,0,64
3525,553648128,3,0,64
3526,637534208,4,0,64
3527,503316480,4,0,64
3528,436207616,4,0,64
3529,536870912,2,0,64
3530,603979776,4,0,64
3531,520093696,4,0,64
3532,436207616,4,0,64
3533,503316480,5,0,64
3534,603979776,5,0,64
3535,553648128,1,0,64
3536,486539264,4,0,64
3537,419430400,3,0,64
3538,620756992,3,0,64
3539,503316480,2,0,64
3540,553648128,5,0,64
3541,469762048,4,0,64
3542,587202560,5,0,64
3543,553648128,4,0,64
3544,503316480,5,0,64
3545,469762048,6,0,64
3546,452984832,8,0,64
3547,620756992,5,0,64
3548,520093696,1,0,64
3549,503316480,4,0,64
3550,536870912,3,0,64
3551,587202560,4,0,64
3552,469762048,4,0,64
3553,469762048,3,0,64
3554,587202560,8,0,64
3555,553648128,4,0,64
3556,469762048,2,0,64
3557,436207616,2,0,64
3558,603979776,2,0,64
3559,536870912,3,0,64
3560,486539264,3,0,64
3561,520093696,5,0,64
3562,553648128,4,0,64
3563,587202560,4,0,64
3564,419430400,3,0,64
3565,587202560,7,0,64
3566,503316480,3,0,64
3567,570425344,2,0,64
3568,402653184,3,0,64
3569,553648128,5,0,64
3570,704643072,7,0,64
3571,352321536,3,0,64
3572,536870912,2,0,64
3573,603979776,3,0,64
3574,402653184,1,0,64
3575,553648128,8,0,64
3576,603979776,6,0,64
3577,486539264,5,0,64
3578,452984832,3,0,64
3579,637534208,4,0,64
3580,503316480,5,0,64
3581,469762048,1,0,64
3582,553648128,3,0,64
3583,436207616,5,0,64
3584,620756992,4,0,64
3585,587202560,3,0,64
3586,452984832,2,0,64
3587,570425344,4,0,64
3588,419430400,4,0,64
3589,620756992,8,0,64
3590,503316480,5,0,64
3591,469762048,1,0,64
3592,587202560,6,0,64
3593,469762048,3,0,64
3594,553648128,4,0,64
3595,553648128,2,0,64
3596,469762048,2,0,64
3597,570425344,4,0,64
3598,452984832,2,0,64
3599,603979776,8,0,64
3600,520093696,10,0,64
3601,520093696,2,0,64
3602,520093696,4,0,64
3603,536870912,4,0,64
3604,536870912,3,0,64
3605,419430400,3,0,64
3606,620756992,4,0,64
3607,452984832,0,0,64
3608,620756992,4,0,64
3609,503316480,5,0,64
3610,520093696,2,0,64
3611,452984832,3,0,64
3612,570425344,3,0,64
3613,486539264,6,0,64
3614,553648128,7,0,64
3615,536870912,4,0,64
3616,536870912,2,0,64
3617,486539264,5,0,64
3618,553648128,6,0,64
3619,536870912,4,0,64
3620,486539264,6,0,64
3621,536870912,2,0,64
3622,536870912,2,0,64
3623,536870912,4,0,64
3624,536870912,3,0,64
3625,486539264,1,0,64
3626,486539264,3,0,64
3627,553648128,5,0,64
3628,536870912,4,0,64
3629,553648128,7,0,64
3630,452984832,5,0,64
3631,603979776,4,0,64
3632,520093696,3,0,64
3633,469762048,4,0,64
3634,536870912,4,0,64
3635,570425344,3,0,64
3636,486539264,3,0,64
3637,503316480,2,0,64
3638,570425344,7,0,64
3639,587202560,3,0,64
3640,419430400,4,0,64
3641,587202560,3,0,64
3642,503316480,4,0,64
3643,536870912,6,0,64
3644,469762048,4,0,64
3645,587202560,6,0,64
3646,536870912,3,0,64
3647,452984832,5,0,64
3648,452984832,3,0,64
3649,671088640,4,0,64
3650,469762048,3,0,64
3651,503316480,7,0,64
3652,553648128,2,0,64
3653,520093696,4,0,64
3654,486539264,4,0,64
3655,536870912,1,0,64
3656,536870912,2,0,64
3657,553648128,4,0,64
3658,469762048,3,0,64
3659,570425344,6,0,64
3660,587202560,3,0,64
3661,469762048,3,0,64
3662,570425344,7,0,64
3663,452984832,2,0,64
3664,553648128,4,0,64
3665,469762048,2,0,64
3666,536870912,5,0,64
3667,603979776,8,0,64
3668,402653184,1,0,64
3669,486539264,4,0,64
3670,603979776,6,0,64
3671,553648128,4,0,64
3672,503316480,5,0,64
3673,520093696,4,0,64
3674,536870912,5,0,64
3675,469762048,2,0,64
3676,587202560,3,0,64
3677,503316480,7,0,64
3678,536870912,2,0,64
3679,503316480,0,0,64
3680,587202560,5,0,64
3681,536870912,4,0,64
3682,503316480,4,0,64
3683,486539264,5,0,64
3684,570425344,5,0,64
3685,503316480,5,0,64
3686,536870912,1,0,64
3687,553648128,5,0,64
3688,469762048,3,0,64
3689,486539264,2,0,64
3690,587202560,7,0,64
3691,503316480,4,0,64
3692,536870912,2,0,64
3693,570425344,5,0,64
3694,536870912,6,0,64
3695,486539264,3,0,64
3696,503316480,1,0,64
3697,469762048,4,0,64
3698,654311424,6,0,64
3699,369098752,2,0,64
3700,603979776,6,0,64
3701,503316480,2,0,64
3702,553648128,3,0,64
3703,452984832,3,0,64
3704,654311424,9,0,64
3705,469762048,2,0,64
3706,553648128,6,0,64
3707,503316480,2,0,64
3708,503316480,5,0,64
3709,536870912,4,0,64
3710,587202560,4,0,64
3711,469762048,3,0,64
3712,503316480,2,0,64
3713,553648128,5,0,64
3714,486539264,3,0,64
3715,520093696,6,0,64
3716,536870912,5,0,64
3717,553648128,2,0,64
3718,536870912,2,0,64
3719,536870912,5,0,64
3720,503316480,3,0,64
3721,503316480,5,0,64
3722,486539264,4,0,64
3723,570425344,7,0,64
3724,536870912,2,0,64
3725,553648128,3,0,64
3726,402653184,2,0,64
3727,587202560,5,0,64
3728,520093696,4,0,64
3729,553648128,5,0,64
3730,536870912,2,0,64
3731,503316480,1,0,64
3732,486539264,5,0,64
3733,536870912,5,0,64
3734,587202560,8,0,64
3735,486539264,2,0,64
3736,553648128,3,0,64
3737,452984832,3,0,64
3738,536870912,9,0,64
3739,520093696,1,0,64
3740,520093696,4,0,64
3741,587202560,4,0,64
3742,520093696,4,0,64
3743,486539264,7,0,64
3744,536870912,3,0,64
3745,520093696,4,0,64
3746,536870912,2,0,64
3747,503316480,5,0,64
3748,570425344,3,0,64
3749,469762048,3,0,64
3750,520093696,4,0,64
3751,587202560,3,0,64
3752,536870912,3,0,64
3753,469762048,6,0,64
3754,503316480,3,0,64
3755,570425344,3,0,64
3756,503316480,3,0,64
3757,503316480,5,0,64
3758,520093696,6,0,64
3759,520093696,4,0,64
3760,587202560,1,0,64
3761,503316480,4,0,64
3762,469762048,6,0,64
3763,620756992,4,0,64
3764,436207616,3,0,64
3765,503316480,7,0,64
3766,570425344,4,0,64
3767,536870912,4,0,64
3768,486539264,1,0,64
3769,570425344,2,0,64
3770,553648128,4,0,64
3771,402653184,4,0,64
3772,603979776,6,0,64
3773,503316480,2,0,64
3774,486539264,3,0,64
3775,553648128,4,0,64
3776,536870912,3,0,64
3777,469762048,6,0,64
3778,603979776,3,0,64
3779,503316480,8,0,64
3780,469762048,3,0,64
3781,570425344,3,0,64
3782,536870912,4,0,64
3783,452984832,4,0,64
3784,553648128,6,0,64
3785,553648128,0,0,64
3786,520093696,4,0,64
3787,503316480,4,0,64
3788,520093696,4,0,64
3789,520093696,3,0,64
3790,536870912,4,0,64
3791,536870912,7,0,64
3792,553648128,6,0,64
3793,536870912,6,0,64
3794,503316480,4,0,64
3795,486539264,1,0,64
3796,536870912,3,0,64
3797,536870912,2,0,64
3798,536870912,3,0,64
3799,520093696,5,0,64
3800,486539264,5,0,64
3801,486539264,3,0,64
3802,570425344,7,0,64
3803,570425344,2,0,64
3804,486539264,3,0,64
3805,536870912,4,0,64
3806,486539264,3,0,64
3807,520093696,5,0,64
3808,536870912,2,0,64
3809,520093696,3,0,64
3810,570425344,3,0,64
3811,486539264,3,0,64
3812,536870912,5,0,64
3813,536870912,5,0,64
3814,486539264,3,0,64
3815,503316480,5,0,64
3816,536870912,7,0,64
3817,587202560,3,0,64
3818,503316480,3,0,64
3819,469762048,3,0,64
3820,587202560,6,0,64
3821,469762048,5,0,64
3822,503316480,4,0,64
3823,603979776,5,0,64
3824,520093696,1,0,64
3825,520093696,3,0,64
3826,520093696,4,0,64
3827,486539264,4,0,64
3828,553648128,5,0,64
3829,520093696,4,0,64
3830,553648128,4,0,64
3831,520093696,1,0,64
3832,469762048,5,0,64
3833,486539264,6,0,64
3834,570425344,5,0,64
3835,536870912,1,0,64
3836,536870912,3,0,64
3837,553648128,4,0,64
3838,469762048,4,0,64
3839,486539264,1,0,64
3840,570425344,5,0,64
3841,486539264,5,0,64
3842,587202560,4,0,64
3843,486539264,7,0,64
3844,553648128,7,0,64
3845,536870912,3,0,64
3846,402653184,4,0,64
3847,654311424,4,0,64
3848,436207616,3,0,64
3849,587202560,3,0,64
3850,486539264,4,0,64
3851,570425344,2,0,64
3852,503316480,4,0,64
3853,503316480,2,0,64
3854,603979776,5,0,64
3855,419430400,3,0,64
3856,587202560,5,0,64
3857,486539264,3,0,64
3858,520093696,4,0,64
3859,469762048,3,0,64
3860,620756992,5,0,64
3861,469762048,7,0,64
3862,536870912,5,0,64
3863,520093696,3,0,64
3864,503316480,5,0,64
3865,503316480,1,0,64
3866,587202560,3,0,64
3867,486539264,5,0,64
3868,520093696,2,0,64
3869,553648128,6,0,64
3870,536870912,5,0,64
3871,419430400,3,0,64
3872,603979776,4,0,64
3873,503316480,2,0,64
3874,452984832,1,0,64
3875,587202560,5,0,64
3876,520093696,3,0,64
3877,553648128,4,0,64
3878,486539264,4,0,64
3879,536870912,7,0,64
3880,520093696,4,0,64
3881,520093696,5,0,64
3882,486539264,3,0,64
3883,503316480,5,0,64
3884,603979776,5,0,64
3885,436207616,4,0,64
3886,587202560,2,0,64
3887,486539264,4,0,64
3888,587202560,1,0,64
3889,469762048,3,0,64
3890,620756992,3,0,64
3891,419430400,5,0,64
3892,603979776,4,0,64
3893,419430400,5,0,64
3894,587202560,6,0,64
3895,553648128,6,0,64
3896,486539264,5,0,64
3897,587202560,1,0,64
3898,436207616,5,0,64
3899,520093696,2,0,64
3900,553648128,4,0,64
3901,503316480,4,0,64
3902,603979776,6,0,64
3903,369098752,2,0,64
3904,553648128,3,0,64
3905,520093696,3,0,64
3906,570425344,6,0,64
3907,520093696,3,0,64
3908,486539264,3,0,64
3909,620756992,3,0,64
3910,369098752,3,0,64
3911,620756992,6,0,64
3912,469762048,4,0,64
3913,536870912,6,0,64
3914,570425344,5,0,64
3915,486539264,3,0,64
3916,503316480,1,0,64
3917,570425344,2,0,64
3918,503316480,4,0,64
3919,536870912,4,0,64
3920,503316480,7,0,64
3921,469762048,5,0,64
3922,553648128,3,0,64
3923,553648128,1,0,64
3924,469762048,1,0,64
3925,620756992,10,0,64
3926,369098752,0,0,64
3927,637534208,5,0,64
3928,503316480,6,0,64
3929,520093696,4,0,64
3930,469762048,4,0,64
3931,553648128,3,0,64
3932,469762048,3,0,64
3933,570425344,2,0,64
3934,570425344,5,0,64
3935,402653184,4,0,64
3936,570425344,3,0,64
3937,503316480,6,0,64
3938,570425344,5,0,64
3939,536870912,5,0,64
3940,486539264,3,0,64
3941,452984832,3,0,64
3942,671088640,6,0,64
3943,469762048,1,0,64
3944,553648128,6,0,64
3945,452984832,2,0,64
3946,503316480,4,0,64
3947,603979776,5,0,64
3948,452984832,5,0,64
3949,570425344,5,0,64
3950,436207616,5,0,64
3951,587202560,3,0,64
3952,503316480,7,0,64
3953,553648128,2,0,64
3954,520093696,1,0,64
3955,469762048,1,0,64
3956,503316480,4,0,64
3957,637534208,3,0,64
3958,452984832,2,0,64
3959,419430400,1,0,64
3960,603979776,5,0,64
3961,520093696,6,0,64
3962,486539264,8,0,64
3963,603979776,4,0,64
3964,436207616,2,0,64
3965,603979776,5,0,64
3966,452984832,2,0,64
3967,536870912,4,0,64
3968,503316480,5,0,64
3969,520093696,7,0,64
3970,553648128,5,0,64
3971,587202560,3,0,64
3972,469762048,3,0,64
3973,536870912,2,0,64
3974,452984832,4,0,64
3975,553648128,5,0,64
3976,570425344,3,0,64
3977,520093696,3,0,64
3978,452984832,2,0,64
3979,553648128,4,0,64
3980,553648128,5,0,64
3981,553648128,4,0,64
3982,436207616,3,0,64
3983,620756992,5,0,64
3984,452984832,2,0,64
3985,536870912,6,0,64
3986,520093696,4,0,64
3987,536870912,4,0,64
3988,503316480,3,0,64
3989,553648128,6,0,64
3990,469762048,2,0,64
3991,603979776,6,0,64
3992,469762048,3,0,64
3993,536870912,6,0,64
3994,486539264,4,0,64
3995,570425344,6,0,64
3996,469762048,2,0,64
3997,553648128,3,0,64
3998,503316480,3,0,64
3999,553648128,5,0,64
4000,520093696,3,0,64
4001,452984832,1,0,64
4002,587202560,6,0,64
4003,503316480,2,0,64
4004,503316480,7,0,64
4005,520093696,5,0,64
4006,637534208,2,0,64
4007,402653184,2,0,64
4008,587202560,6,0,64
4009,503316480,1,0,64
4010,486539264,3,0,64
4011,603979776,4,0,64
4012,452984832,4,0,64
4013,520093696,4,0,64
4014,553648128,8,0,64
4015,536870912,5,0,64
4016,520093696,3,0,64
4017,486539264,6,0,64
4018,570425344,1,0,64
4019,486539264,7,0,64
4020,587202560,3,0,64
4021,419430400,2,0,64
4022,620756992,3,0,64
4023,436207616,4,0,64
4024,603979776,5,0,64
4025,469762048,2,0,64
4026,570425344,5,0,64
4027,503316480,2,0,64
4028,570425344,7,0,64
4029,452984832,2,0,64
4030,503316480,6,0,64
4031,620756992,4,0,64
4032,402653184,3,0,64
4033,620756992,4,0,64
4034,419430400,3,0,64
4035,687865856,4,0,64
4036,402653184,1,0,64
4037,587202560,4,0,64
4038,452984832,3,0,64
4039,603979776,5,0,64
4040,419430400,7,0,64
4041,620756992,3,0,64
4042,452984832,4,0,64
4043,603979776,4,0,64
4044,452984832,4,0,64
4045,536870912,4,0,64
4046,469762048,4,0,64
4047,603979776,6,0,64
4048,520093696,3,0,64
4049,553648128,4,0,64
4050,436207616,2,0,64
4051,553648128,5,0,64
4052,520093696,3,0,64
4053,587202560,3,0,64
4054,469762048,2,0,64
4055,503316480,5,0,64
4056,486539264,3,0,64
4057,654311424,5,0,64
4058,469762048,6,0,64
4059,452984832,4,0,64
4060,587202560,6,0,64
4061,520093696,4,0,64
4062,536870912,3,0,64
4063,486539264,4,0,64
4064,536870912,4,0,64
4065,553648128,3,0,64
4066,436207616,0,0,64
4067,570425344,5,0,64
4068,520093696,3,0,64
4069,520093696,6,0,64
4070,570425344,4,0,64
4071,503316480,2,0,64
4072,503316480,4,0,64
4073,553648128,5,0,64
4074,452984832,2,0,64
4075,536870912,7,0,64
4076,570425344,3,0,64
4077,503316480,4,0,64
4078,520093696,4,0,64
4079,603979776,7,0,64
4080,436207616,5,0,64
4081,587202560,0,0,64
4082,486539264,4,0,64
4083,503316480,5,0,64
4084,603979776,3,0,64
4085,469762048,6,0,64
4086,553648128,3,0,64
4087,503316480,9,0,64
4088,486539264,2,0,64
4089,536870912,2,0,64
4090,553648128,5,0,64
4091,503316480,0,0,64
4092,536870912,5,0,64
4093,520093696,1,0,64
4094,553648128,4,0,64
4095,486539264,4,0,64
4096,570425344,7,0,64
4097,486539264,3,0,64
4098,553648128,4,0,64
4099,469762048,4,0,64
4100,570425344,5,0,64
4101,587202560,4,0,64
4102,419430400,5,0,64
4103,570425344,1,0,64
4104,452984832,2,0,64
4105,570425344,5,0,64
4106,520093696,4,0,64
4107,536870912,4,0,64
4108,587202560,4,0,64
4109,452984832,3,0,64
4110,587202560,6,0,64
4111,452984832,2,0,64
4112,503316480,4,0,64
4113,570425344,5,0,64
4114,486539264,4,0,64
4115,553648128,7,0,64
4116,536870912,3,0,64
4117,520093696,3,0,64
4118,469762048,2,0,64
4119,620756992,4,0,64
4120,402653184,2,0,64
4121,587202560,2,0,64
4122,520093696,4,0,64
4123,587202560,4,0,64
4124,436207616,9,0,64
4125,587202560,2,0,64
4126,436207616,5,0,64
4127,620756992,9,0,64
4128,520093696,2,0,64
4129,469762048,6,0,64
4130,536870912,4,0,64
4131,469762048,2,0,64
4132,603979776,0,0,64
4133,503316480,4,0,64
4134,536870912,3,0,64
4135,536870912,2,0,64
4136,603979776,4,0,64
4137,402653184,3,0,64
4138,503316480,6,0,64
4139,603979776,8,0,64
4140,503316480,3,0,64
4141,452984832,2,0,64
4142,553648128,4,0,64
4143,603979776,2,0,64
4144,486539264,3,0,64
4145,553648128,6,0,64
4146,486539264,6,0,64
4147,503316480,6,0,64
4148,520093696,4,0,64
4149,570425344,4,0,64
4150,486539264,2,0,64
4151,587202560,4,0,64
4152,553648128,4,0,64
4153,385875968,2,0,64
4154,603979776,6,0,64
4155,503316480,2,0,64
4156,553648128,4,0,64
4157,520093696,5,0,64
4158,452984832,6,0,64
4159,553648128,2,0,64
4160,486539264,6,0,64
4161,536870912,2,0,64
4162,570425344,1,0,64
4163,553648128,4,0,64
4164,570425344,4,0,64
4165,419430400,1,0,64
4166,520093696,6,0,64
4167,570425344,7,0,64
4168,486539264,3,0,64
4169,520093696,5,0,64
4170,553648128,4,0,64
4171,452984832,4,0,64
4172,654311424,8,0,64
4173,452984832,0,0,64
4174,587202560,3,0,64
4175,486539264,1,0,64
4176,452984832,2,0,64
4177,620756992,6,0,64
4178,452984832,3,0,64
4179,503316480,4,0,64
4180,671088640,8,0,64
4181,419430400,6,0,64
4182,553648128,6,0,64
4183,503316480,4,0,64
4184,536870912,2,0,64
4185,520093696,2,0,64
4186,503316480,3,0,64
4187,486539264,2,0,64
4188,587202560,5,0,64
4189,553648128,2,0,64
4190,436207616,3,0,64
4191,587202560,8,0,64
4192,503316480,4,0,64
4193,486539264,5,0,64
4194,587202560,5,0,64
4195,503316480,3,0,64
4196,536870912,3,0,64
4197,553648128,4,0,64
4198,553648128,3,0,64
4199,385875968,2,0,64
4200,603979776,5,0,64
4201,553648128,2,0,64
4202,436207616,3,0,64
4203,553648128,3,0,64
4204,620756992,5,0,64
4205,452984832,5,0,64
4206,419430400,5,0,64
4207,603979776,6,0,64
4208,620756992,5,0,64
4209,402653184,3,0,64
4210,486539264,2,0,64
4211,620756992,7,0,64
4212,553648128,3,0,64
4213,419430400,3,0,64
4214,603979776,3,0,64
4215,553648128,1,0,64
4216,503316480,1,0,64
4217,520093696,9,0,64
4218,503316480,7,0,64
4219,486539264,3,0,64
4220,570425344,7,0,64
4221,503316480,2,0,64
4222,553648128,4,0,64
4223,469762048,2,0,64
4224,570425344,5,0,64
4225,503316480,3,0,64
4226,536870912,3,0,64
4227,536870912,4,0,64
4228,486539264,3,0,64
4229,570425344,6,0,64
4230,419430400,4,0,64
4231,520093696,2,0,64
4232,637534208,2,0,64
4233,469762048,2,0,64
4234,486539264,6,0,64
4235,570425344,4,0,64
4236,553648128,4,0,64
4237,452984832,3,0,64
4238,520093696,4,0,64
4239,654311424,9,0,64
4240,436207616,2,0,64
4241,402653184,2,0,64
4242,671088640,3,0,64
4243,536870912,1,0,64
4244,385875968,8,0,64
4245,587202560,7,0,64
4246,503316480,4,0,64
4247,637534208,4,0,64
4248,369098752,1,0,64
4249,620756992,4,0,64
4250,587202560,8,0,64
4251,520093696,5,0,64
4252,469762048,2,0,64
4253,486539264,3,0,64
4254,570425344,5,0,64
4255,503316480,2,0,64
4256,536870912,3,0,64
4257,452984832,2,0,64
4258,587202560,6,0,64
4259,553648128,4,0,64
4260,536870912,4,0,64
4261,486539264,5,0,64
4262,486539264,3,0,64
4263,603979776,3,0,64
4264,503316480,4,0,64
4265,452984832,2,0,64
4266,536870912,4,0,64
4267,520093696,3,0,64
4268,587202560,10,0,64
4269,536870912,3,0,64
4270,385875968,3,0,64
4271,654311424,2,0,64
4272,469762048,4,0,64
4273,570425344,4,0,64
4274,486539264,4,0,64
4275,603979776,1,0,64
4276,385875968,1,0,64
4277,620756992,7,0,64
4278,486539264,5,0,64
4279,603979776,4,0,64
4280,419430400,5,0,64
4281,654311424,5,0,64
4282,452984832,4,0,64
4283,553648128,3,0,64
4284,419430400,4,0,64
4285,603979776,8,0,64
4286,603979776,3,0,64
4287,402653184,5,0,64
4288,603979776,3,0,64
4289,469762048,2,0,64
4290,469762048,2,0,64
4291,654311424,2,0,64
4292,385875968,2,0,64
4293,603979776,6,0,64
4294,520093696,2,0,64
4295,520093696,4,0,64
4296,436207616,5,0,64
4297,637534208,5,0,64
4298,503316480,8,0,64
4299,503316480,4,0,64
4300,520093696,2,0,64
4301,587202560,6,0,64
4302,436207616,2,0,64
4303,570425344,6,0,64
4304,486539264,4,0,64
4305,553648128,2,0,64
4306,469762048,2,0,64
4307,603979776,3,0,64
4308,436207616,5,0,64
4309,603979776,4,0,64
4310,486539264,2,0,64
4311,503316480,4,0,64
4312,570425344,9,0,64
4313,452984832,4,0,64
4314,520093696,3,0,64
4315,536870912,6,0,64
4316,570425344,6,0,64
4317,486539264,1,0,64
4318,536870912,3,0,64
4319,553648128,1,0,64
4320,503316480,2,0,64
4321,469762048,5,0,64
4322,503316480,4,0,64
4323,587202560,6,0,64
4324,553648128,2,0,64
4325,469762048,1,0,64
4326,570425344,2,0,64
4327,469762048,6,0,64
4328,486539264,1,0,64
4329,603979776,7,0,64
4330,553648128,10,0,64
4331,452984832,5,0,64
4332,436207616,2,0,64
4333,721420288,4,0,64
4334,436207616,4,0,64
4335,486539264,2,0,64
4336,553648128,5,0,64
4337,486539264,3,0,64
4338,553648128,5,0,64
4339,553648128,3,0,64
4340,469762048,4,0,64
4341,469762048,4,0,64
4342,587202560,4,0,64
4343,520093696,3,0,64
4344,520093696,3,0,64
4345,603979776,5,0,64
4346,469762048,1,0,64
4347,436207616,3,0,64
4348,704643072,6,0,64
4349,452984832,4,0,64
4350,452984832,7,0,64
4351,536870912,4,0,64
4352,603979776,2,0,64
4353,486539264,4,0,64
4354,520093696,3,0,64
4355,570425344,5,0,64
4356,436207616,6,0,64
4357,553648128,4,0,64
4358,520093696,3,0,64
4359,553648128,4,0,64
4360,503316480,5,0,64
4361,520093696,3,0,64
4362,436207616,4,0,64
4363,603979776,2,0,64
4364,452984832,3,0,64
4365,671088640,5,0,64
4366,469762048,1,0,64
4367,469762048,6,0,64
4368,570425344,4,0,64
4369,469762048,3,0,64
4370,553648128,5,0,64
4371,536870912,4,0,64
4372,503316480,4,0,64
4373,536870912,3,0,64
4374,536870912,5,0,64
4375,486539264,2,0,64
4376,503316480,5,0,64
4377,520093696,5,0,64
4378,671088640,7,0,64
4379,369098752,4,0,64
4380,536870912,8,0,64
4381,570425344,2,0,64
4382,469762048,0,0,64
4383,553648128,4,0,64
4384,520093696,6,0,64
4385,536870912,3,0,64
4386,486539264,0,0,64
4387,536870912,4,0,64
4388,536870912,4,0,64
4389,520093696,3,0,64
4390,536870912,3,0,64
4391,452984832,1,0,64
4392,553648128,4,0,64
4393,570425344,3,0,64
4394,486539264,3,0,64
4395,503316480,6,0,64
4396,553648128,4,0,64
4397,536870912,6,0,64
4398,553648128,5,0,64
4399,469762048,8,0,64
4400,570425344,4,0,64
4401,436207616,5,0,64
4402,536870912,6,0,64
4403,570425344,6,0,64
4404,503316480,2,0,64
4405,469762048,1,0,64
4406,603979776,2,0,64
4407,469762048,3,0,64
4408,520093696,0,0,64
4409,587202560,5,0,64
4410,469762048,5,0,64
4411,570425344,5,0,64
4412,469762048,0,0,64
4413,536870912,3,0,64
4414,520093696,4,0,64
4415,469762048,4,0,64
4416,587202560,7,0,64
4417,520093696,5,0,64
4418,469762048,6,0,64
4419,620756992,2,0,64
4420,452984832,3,0,64
4421,520093696,4,0,64
4422,603979776,2,0,64
4423,486539264,3,0,64
4424,452984832,5,0,64
4425,570425344,9,0,64
4426,553648128,5,0,64
4427,436207616,2,0,64
4428,587202560,6,0,64
4429,536870912,4,0,64
4430,570425344,5,0,64
4431,486539264,2,0,64
4432,486539264,1,0,64
4433,486539264,2,0,64
4434,637534208,5,0,64
4435,402653184,5,0,64
4436,553648128,3,0,64
4437,486539264,3,0,64
4438,587202560,9,0,64
4439,486539264,4,0,64
4440,536870912,4,0,64
4441,553648128,0,0,64
4442,486539264,3,0,64
4443,553648128,5,0,64
4444,402653184,3,0,64
4445,620756992,4,0,64
4446,536870912,1,0,64
4447,486539264,3,0,64
4448,469762048,4,0,64
4449,587202560,3,0,64
4450,486539264,4,0,64
4451,587202560,4,0,64
4452,486539264,6,0,64
4453,570425344,8,0,64
4454,536870912,6,0,64
4455,436207616,2,0,64
4456,553648128,4,0,64
4457,520093696,4,0,64
4458,570425344,5,0,64
4459,486539264,2,0,64
4460,503316480,4,0,64
4461,486539264,2,0,64
4462,570425344,2,0,64
4463,553648128,4,0,64
4464,503316480,5,0,64
4465,503316480,3,0,64
4466,553648128,2,0,64
4467,486539264,5,0,64
4468,520093696,9,0,64
4469,503316480,3,0,64
4470,603979776,3,0,64
4471,536870912,4,0,64
4472,402653184,5,0,64
4473,637534208,4,0,64
4474,520093696,2,0,64
4475,486539264,7,0,64
4476,452984832,2,0,64
4477,654311424,5,0,64
4478,503316480,3,0,64
4479,436207616,1,0,64
4480,587202560,5,0,64
4481,503316480,2,0,64
4482,553648128,5,0,64
4483,452984832,2,0,64
4484,520093696,6,0,64
4485,570425344,8,0,64
4486,469762048,5,0,64
4487,570425344,2,0,64
4488,536870912,4,0,64
4489,469762048,3,0,64
4490,570425344,4,0,64
4491,553648128,5,0,64
4492,486539264,2,0,64
4493,520093696,4,0,64
4494,536870912,5,0,64
4495,553648128,3,0,64
4496,486539264,2,0,64
4497,486539264,0,0,64
4498,587202560,5,0,64
4499,469762048,1,0,64
4500,587202560,7,0,64
4501,419430400,4,0,32
4502,520093696,4,0,32
4503,553648128,6,0,32
4504,503316480,10,0,32
4505,503316480,6,0,32
4506,486539264,5,0,32
4507,452984832,2,0,32
4508,503316480,4,0,32
4509,520093696,7,0,32
4510,469762048,6,0,32
4511,536870912,6,0,32
4512,520093696,8,0,32
4513,553648128,6,0,32
4514,452984832,3,0,32
4515,587202560,3,0,32
4516,436207616,2,0,32
4517,620756992,2,0,32
4518,553648128,2,0,32
4519,419430400,4,0,32
4520,587202560,6,0,32
4521,486539264,4,0,32
4522,536870912,4,0,32
4523,520093696,7,0,32
4524,553648128,5,0,32
4525,486539264,3,0,32
4526,503316480,1,0,32
4527,587202560,5,0,32
4528,486539264,3,0,32
4529,520093696,3,0,32
4530,503316480,5,0,32
4531,570425344,6,0,32
4532,503316480,3,0,32
4533,553648128,4,0,32
4534,486539264,7,0,32
4535,570425344,3,0,32
4536,469762048,2,0,32
4537,503316480,5,0,32
4538,587202560,3,0,32
4539,452984832,3,0,32
4540,603979776,4,0,32
4541,503316480,3,0,32
4542,536870912,2,0,32
4543,503316480,4,0,32
4544,469762048,7,0,32
4545,620756992,3,0,32
4546,436207616,5,0,32
4547,503316480,3,0,32
4548,654311424,4,0,32
4549,402653184,5,0,32
4550,587202560,2,0,32
4551,520093696,6,0,32
4552,536870912,1,0,32
4553,486539264,3,0,32
4554,520093696,4,0,32
4555,570425344,7,0,32
4556,452984832,3,0,32
4557,536870912,5,0,32
4558,570425344,5,0,32
4559,452984832,2,0,32
4560,553648128,6,0,32
4561,536870912,2,0,32
4562,503316480,3,0,32
4563,553648128,3,0,32
4564,452984832,2,0,32
4565,520093696,8,0,32
4566,603979776,2,0,32
4567,452984832,3,0,32
4568,536870912,5,0,32
4569,503316480,2,0,32
4570,486539264,7,0,32
4571,603979776,6,0,32
4572,469762048,4,0,32
4573,520093696,2,0,32
4574,570425344,4,0,32
4575,503316480,2,0,32
4576,520093696,4,0,32
4577,486539264,3,0,32
4578,570425344,6,0,32
4579,536870912,4,0,32
4580,419430400,5,0,32
4581,587202560,4,0,32
4582,553648128,2,0,32
4583,469762048,4,0,32
4584,553648128,4,0,32
4585,520093696,5,0,32
4586,486539264,3,0,32
4587,553648128,5,0,32
4588,503316480,1,0,32
4589,503316480,3,0,32
4590,536870912,4,0,32
4591,553648128,5,0,32
4592,520093696,6,0,32
4593,469762048,7,0,32
4594,603979776,2,0,32
4595,520093696,2,0,32
4596,503316480,1,0,32
4597,553648128,3,0,32
4598,486539264,5,0,32
4599,520093696,6,0,32
4600,536870912,7,0,32
4601,553648128,3,0,32
4602,520093696,4,0,32
4603,486539264,3,0,32
4604,520093696,1,0,32
4605,536870912,5,0,32
4606,520093696,1,0,32
4607,486539264,8,0,32
4608,553648128,6,0,32
4609,503316480,2,0,32
4610,553648128,5,0,32
4611,486539264,2,0,32
4612,469762048,2,0,32
4613,553648128,6,0,32
4614,503316480,3,0,32
4615,553648128,5,0,32
4616,553648128,3,0,32
4617,469762048,6,0,32
4618,570425344,3,0,32
4619,570425344,3,0,32
4620,452984832,5,0,32
4621,553648128,1,0,32
4622,536870912,5,0,32
4623,570425344,4,0,32
4624,469762048,7,0,32
4625,486539264,2,0,32
4626,570425344,2,0,32
4627,536870912,3,0,32
4628,469762048,6,0,32
4629,570425344,4,0,32
4630,520093696,4,0,32
4631,503316480,3,0,32
4632,553648128,6,0,32
4633,436207616,4,0,32
4634,620756992,3,0,32
4635,469762048,2,0,32
4636,503316480,5,0,32
4637,603979776,4,0,32
4638,469762048,5,0,32
4639,570425344,4,0,32
4640,486539264,3,0,32
4641,553648128,5,0,32
4642,469762048,6,0,32
4643,603979776,2,0,32
4644,486539264,5,0,32
4645,486539264,3,0,32
4646,587202560,5,0,32
4647,452984832,2,0,32
4648,620756992,1,0,32
4649,436207616,4,0,32
4650,553648128,5,0,32
4651,520093696,4,0,32
4652,553648128,8,0,32
4653,553648128,1,0,32
4654,452984832,0,0,32
4655,570425344,6,0,32
4656,503316480,4,0,32
4657,553648128,9,0,32
4658,486539264,4,0,32
4659,603979776,2,0,32
4660,486539264,1,0,32
4661,503316480,5,0,32
4662,503316480,3,0,32
4663,536870912,7,0,32
4664,520093696,3,0,32
4665,536870912,2,0,32
4666,553648128,2,0,32
4667,536870912,5,0,32
4668,503316480,5,0,32
4669,469762048,8,0,32
4670,570425344,2,0,32
4671,486539264,3,0,32
4672,553648128,2,0,32
4673,520093696,5,0,32
4674,520093696,2,0,32
4675,503316480,5,0,32
4676,570425344,8,0,32
4677,553648128,3,0,32
4678,469762048,3,0,32
4679,536870912,2,0,32
4680,486539264,2,0,32
4681,553648128,3,0,32
4682,536870912,7,0,32
4683,503316480,6,0,32
4684,503316480,1,0,32
4685,536870912,7,0,32
4686,536870912,5,0,32
4687,536870912,1,0,32
4688,520093696,3,0,32
4689,553648128,6,0,32
4690,486539264,2,0,32
4691,486539264,3,0,32
4692,536870912,5,0,32
4693,587202560,5,0,32
4694,452984832,2,0,32
4695,503316480,5,0,32
4696,587202560,4,0,32
4697,503316480,5,0,32
4698,536870912,3,0,32
4699,536870912,4,0,32
4700,469762048,3,0,32
4701,553648128,6,0,32
4702,536870912,1,0,32
4703,503316480,4,0,32
4704,520093696,6,0,32
4705,536870912,4,0,32
4706,520093696,3,0,32
4707,486539264,4,0,32
4708,536870912,1,0,32
4709,536870912,6,0,32
4710,553648128,4,0,32
4711,503316480,4,0,32
4712,536870912,4,0,32
4713,486539264,4,0,32
4714,520093696,5,0,32
4715,520093696,3,0,32
4716,520093696,4,0,32
4717,553648128,6,0,32
4718,520093696,3,0,32
4719,486539264,4,0,32
4720,503316480,5,0,32
4721,520093696,3,0,32
4722,553648128,4,0,32
4723,553648128,2,0,32
4724,469762048,3,0,32
4725,503316480,4,0,32
4726,553648128,3,0,32
4727,503316480,2,0,32
4728,486539264,9,0,32
4729,587202560,2,0,32
4730,486539264,3,0,32
4731,587202560,2,0,32
4732,503316480,2,0,32
4733,536870912,6,0,32
4734,503316480,4,0,32
4735,503316480,9,0,32
4736,553648128,3,0,32
4737,503316480,7,0,32
4738,503316480,5,0,32
4739,553648128,1,0,32
4740,486539264,2,0,32
4741,536870912,2,0,32
4742,520093696,4,0,32
4743,570425344,7,0,32
4744,486539264,3,0,32
4745,520093696,3,0,32
4746,486539264,2,0,32
4747,503316480,7,0,32
4748,553648128,2,0,32
4749,520093696,1,0,32
4750,503316480,4,0,32
4751,587202560,6,0,32
4752,436207616,5,0,32
4753,553648128,4,0,32
4754,536870912,2,0,32
4755,469762048,4,0,32
4756,570425344,3,0,32
4757,553648128,4,0,32
4758,536870912,6,0,32
4759,486539264,5,0,32
4760,536870912,5,0,32
4761,536870912,4,0,32
4762,503316480,1,0,32
4763,520093696,4,0,32
4764,520093696,5,0,32
4765,520093696,2,0,32
4766,503316480,5,0,32
4767,570425344,6,0,32
4768,503316480,6,0,32
4769,469762048,2,0,32
4770,587202560,4,0,32
4771,486539264,0,0,32
4772,520093696,3,0,32
4773,536870912,4,0,32
4774,520093696,4,0,32
4775,536870912,8,0,32
4776,503316480,6,0,32
4777,570425344,2,0,32
4778,452984832,1,0,32
4779,536870912,4,0,32
4780,553648128,5,0,32
4781,503316480,6,0,32
4782,553648128,1,0,32
4783,520093696,4,0,32
4784,452984832,1,0,32
4785,587202560,7,0,32
4786,520093696,4,0,32
4787,553648128,3,0,32
4788,503316480,6,0,32
4789,503316480,3,0,32
4790,503316480,3,0,32
4791,503316480,3,0,32
4792,570425344,7,0,32
4793,536870912,3,0,32
4794,520093696,4,0,32
4795,469762048,5,0,32
4796,536870912,2,0,32
4797,603979776,6,0,32
4798,486539264,3,0,32
4799,536870912,2,0,32
4800,503316480,2,0,32
4801,520093696,9,0,32
4802,536870912,3,0,32
4803,553648128,4,0,32
4804,486539264,3,0,32
4805,469762048,2,0,32
4806,536870912,5,0,32
4807,536870912,4,0,32
4808,536870912,3,0,32
4809,570425344,7,0,32
4810,486539264,2,0,32
4811,503316480,1,0,32
4812,536870912,2,0,32
4813,452984832,3,0,32
4814,603979776,14,0,32
4815,503316480,2,0,32
4816,486539264,2,0,32
4817,536870912,4,0,32
4818,536870912,2,0,32
4819,553648128,5,0,32
4820,520093696,3,0,32
4821,486539264,4,0,32
4822,503316480,3,0,32
4823,553648128,4,0,32
4824,503316480,6,0,32
4825,570425344,4,0,32
4826,486539264,1,0,32
4827,503316480,3,0,32
4828,570425344,9,0,32
4829,520093696,2,0,32
4830,503316480,4,0,32
4831,536870912,4,0,32
4832,503316480,4,0,32
4833,553648128,4,0,32
4834,553648128,2,0,32
4835,486539264,5,0,32
4836,553648128,5,0,32
4837,486539264,2,0,32
4838,520093696,3,0,32
4839,503316480,5,0,32
4840,587202560,9,0,32
4841,469762048,1,0,32
4842,520093696,1,0,32
4843,536870912,3,0,32
4844,520093696,5,0,32
4845,587202560,6,0,32
4846,452984832,3,0,32
4847,553648128,3,0,32
4848,536870912,4,0,32
4849,469762048,8,0,32
4850,570425344,3,0,32
4851,553648128,3,0,32
4852,486539264,4,0,32
4853,469762048,3,0,32
4854,553648128,3,0,32
4855,553648128,2,0,32
4856,486539264,4,0,32
4857,520093696,4,0,32
4858,553648128,7,0,32
4859,536870912,6,0,32
4860,503316480,2,0,32
4861,536870912,2,0,32
4862,520093696,4,0,32
4863,486539264,3,0,32
4864,620756992,4,0,32
4865,436207616,2,0,32
4866,587202560,7,0,32
4867,503316480,5,0,32
4868,520093696,4,0,32
4869,587202560,4,0,32
4870,486539264,4,0,32
4871,486539264,2,0,32
4872,570425344,5,0,32
4873,503316480,2,0,32
4874,520093696,6,0,32
4875,469762048,6,0,32
4876,503316480,4,0,32
4877,570425344,2,0,32
4878,587202560,3,0,32
4879,520093696,3,0,32
4880,570425344,6,0,32
4881,436207616,4,0,32
4882,553648128,2,0,32
4883,486539264,4,0,32
4884,536870912,4,0,32
4885,469762048,4,0,32
4886,553648128,2,0,32
4887,520093696,3,0,32
4888,570425344,4,0,32
4889,553648128,9,0,32
4890,436207616,4,0,32
4891,536870912,7,0,32
4892,570425344,1,0,32
4893,503316480,2,0,32
4894,520093696,4,0,32
4895,486539264,3,0,32
4896,536870912,5,0,32
4897,553648128,3,0,32
4898,553648128,6,0,32
4899,570425344,3,0,32
4900,436207616,3,0,32
4901,536870912,5,0,32
4902,536870912,0,0,32
4903,553648128,8,0,32
4904,419430400,2,0,32
4905,536870912,4,0,32
4906,620756992,7,0,32
4907,486539264,2,0,32
4908,486539264,3,0,32
4909,553648128,3,0,32
4910,603979776,3,0,32
4911,520093696,5,0,32
4912,469762048,10,0,32
4913,520093696,1,0,32
4914,536870912,4,0,32
4915,469762048,3,0,32
4916,570425344,3,0,32
4917,520093696,2,0,32
4918,503316480,5,0,32
4919,486539264,3,0,32
4920,570425344,5,0,32
4921,469762048,4,0,32
4922,603979776,3,0,32
4923,486539264,3,0,32
4924,536870912,7,0,32
4925,452984832,3,0,32
4926,570425344,3,0,32
4927,553648128,4,0,32
4928,469762048,5,0,32
4929,486539264,6,0,32
4930,587202560,1,0,32
4931,536870912,3,0,32
4932,486539264,4,0,32
4933,536870912,4,0,32
4934,520093696,3,0,32
4935,520093696,5,0,32
4936,520093696,1,0,32
4937,536870912,6,0,32
4938,486539264,5,0,32
4939,553648128,5,0,32
4940,469762048,4,0,32
4941,536870912,4,0,32
4942,486539264,3,0,32
4943,536870912,3,0,32
4944,520093696,3,0,32
4945,536870912,4,0,32
4946,536870912,6,0,32
4947,469762048,3,0,32
4948,536870912,4,0,32
4949,553648128,5,0,32
4950,520093696,2,0,32
4951,486539264,6,0,32
4952,503316480,0,0,32
4953,503316480,4,0,32
4954,520093696,1,0,32
4955,536870912,9,0,32
4956,536870912,5,0,32
4957,486539264,4,0,32
4958,553648128,1,0,32
4959,553648128,4,0,32
4960,503316480,4,0,32
4961,503316480,4,0,32
4962,503316480,9,0,32
4963,536870912,2,0,32
4964,486539264,4,0,32
4965,587202560,3,0,32
4966,503316480,4,0,32
4967,520093696,2,0,32
4968,536870912,2,0,32
4969,520093696,6,0,32
4970,503316480,4,0,32
4971,520093696,3,0,32
4972,536870912,4,0,32
4973,536870912,2,0,32
4974,452984832,8,0,32
4975,520093696,4,0,32
4976,536870912,2,0,32
4977,520093696,1,0,32
4978,536870912,6,0,32
4979,536870912,4,0,32
4980,587202560,5,0,32
4981,503316480,4,0,32
4982,520093696,4,0,32
4983,469762048,2,0,32
4984,520093696,7,0,32
4985,536870912,5,0,32
4986,570425344,4,0,32
4987,520093696,1,0,32
4988,536870912,3,0,32
4989,486539264,6,0,32
4990,553648128,3,0,32
4991,503316480,6,0,32
4992,536870912,2,0,32
4993,486539264,4,0,32
4994,553648128,4,0,32
4995,520093696,3,0,32
4996,520093696,3,0,32
4997,520093696,5,0,32
4998,520093696,3,0,32
4999,553648128,5,0,32
5000,553648128,5,0,32
5001,469762048,2,0,32
5002,570425344,4,0,32
5003,452984832,5,0,32
5004,570425344,4,0,32
5005,536870912,6,0,32
5006,469762048,2,0,32
5007,570425344,3,0,32
5008,570425344,4,0,32
5009,486539264,2,0,32
5010,536870912,7,0,32
5011,436207616,1,0,32
5012,520093696,4,0,32
5013,637534208,8,0,32
5014,436207616,1,0,32
5015,587202560,4,0,32
5016,469762048,7,0,32
5017,553648128,4,0,32
5018,553648128,2,0,32
5019,452984832,2,0,32
5020,520093696,4,0,32
5021,570425344,4,0,32
5022,469762048,5,0,32
5023,553648128,2,0,32
5024,469762048,2,0,32
5025,536870912,6,0,32
5026,620756992,6,0,32
5027,469762048,4,0,32
5028,553648128,6,0,32
5029,419430400,2,0,32
5030,587202560,5,0,32
5031,553648128,2,0,32
5032,452984832,3,0,32
5033,637534208,5,0,32
5034,402653184,2,0,32
5035,587202560,6,0,32
5036,553648128,5,0,32
5037,436207616,1,0,32
5038,587202560,6,0,32
5039,503316480,3,0,32
5040,520093696,3,0,32
5041,503316480,3,0,32
5042,503316480,3,0,32
5043,570425344,6,0,32
5044,536870912,4,0,32
5045,436207616,5,0,32
5046,587202560,7,0,32
5047,452984832,1,0,32
5048,637534208,6,0,32
5049,452984832,1,0,32
5050,536870912,2,0,32
5051,503316480,5,0,32
5052,486539264,6,0,32
5053,587202560,5,0,32
5054,503316480,1,0,32
5055,587202560,3,0,32
5056,452984832,3,0,32
5057,520093696,3,0,32
5058,520093696,4,0,32
5059,536870912,10,0,32
5060,553648128,3,0,32
5061,486539264,3,0,32
5062,536870912,3,0,32
5063,520093696,1,0,32
5064,553648128,7,0,32
5065,503316480,5,0,32
5066,520093696,5,0,32
5067,520093696,1,0,32
5068,520093696,3,0,32
5069,486539264,4,0,32
5070,553648128,5,0,32
5071,587202560,3,0,32
5072,486539264,3,0,32
5073,503316480,5,0,32
5074,520093696,5,0,32
5075,520093696,5,0,32
5076,503316480,3,0,32
5077,536870912,4,0,32
5078,503316480,3,0,32
5079,570425344,4,0,32
5080,503316480,7,0,32
5081,570425344,1,0,32
5082,469762048,5,0,32
5083,570425344,4,0,32
5084,536870912,4,0,32
5085,553648128,1,0,32
5086,486539264,4,0,32
5087,503316480,2,0,32
5088,520093696,5,0,32
5089,570425344,8,0,32
5090,536870912,0,0,32
5091,436207616,4,0,32
5092,587202560,8,0,32
5093,486539264,3,0,32
5094,570425344,4,0,32
5095,520093696,5,0,32
5096,503316480,3,0,32
5097,520093696,4,0,32
5098,503316480,3,0,32
5099,553648128,2,0,32
5100,486539264,5,0,32
5101,1811939328,3,0,128
5102,150994944,1,0,128
5103,603979776,0,0,128
5104,369098752,1,0,128
5105,318767104,2,0,128
5106,654311424,0,0,128
5107,570425344,1,0,128
5108,352321536,1,0,128
5109,1107296256,0,0,128
5110,167772160,2,0,128
5111,201326592,0,0,128
5112,922746880,2,0,128
5113,335544320,0,0,128
5114,620756992,0,0,128
5115,469762048,0,0,128
5116,352321536,1,0,128
5117,922746880,3,0,128
5118,520093696,2,0,128
5119,83886080,2,0,128
5120,1040187392,0,0,128
5121,469762048,2,0,128
5122,285212672,10,0,128
5123,520093696,9,0,128
5124,318767104,8,0,128
5125,1056964608,5,0,128
5126,301989888,0,0,128
5127,486539264,3,0,128
5128,469762048,1,0,128
5129,721420288,4,0,128
5130,419430400,6,0,128
5131,352321536,2,0,128
5132,335544320,2,0,128
5133,1090519040,8,0,128
5134,637534208,7,0,128
5135,369098752,2,0,128
5136,318767104,0,0,128
5137,452984832,3,0,128
5138,469762048,1,0,128
5139,805306368,2,0,128
5140,352321536,0,0,128
5141,721420288,1,0,128
5142,352321536,0,0,128
5143,436207616,1,0,128
5144,469762048,5,0,128
5145,905969664,19,0,128
5146,301989888,8,0,128
5147,486539264,8,0,128
5148,520093696,6,0,128
5149,520093696,6,0,128
5150,671088640,2,0,128
5151,553648128,14,0,128
5152,268435456,4,0,128
5153,771751936,2,0,128
5154,335544320,3,0,128
5155,486539264,0,0,128
5156,553648128,1,0,128
5157,939524096,2,0,128
5158,352321536,1,0,128
5159,369098752,3,0,128
5160,335544320,1,0,128
5161,654311424,2,0,128
5162,587202560,2,0,128
5163,704643072,8,0,128
5164,285212672,3,0,128
5165,738197504,13,0,128
5166,503316480,6,0,128
5167,234881024,3,0,128
5168,721420288,2,0,128
5169,486539264,6,0,128
5170,620756992,12,0,128
5171,738197504,5,0,128
5172,167772160,1,0,128
5173,268435456,0,0,128
5174,1040187392,2,0,128
5175,436207616,2,0,128
5176,301989888,2,0,128
5177,520093696,3,0,128
5178,788529152,2,0,128
5179,150994944,1,0,128
5180,905969664,4,0,128
5181,520093696,2,0,128
5182,436207616,1,0,128
5183,553648128,5,0,128
5184,301989888,0,0,128
5185,486539264,3,0,128
5186,1090519040,18,0,128
5187,251658240,5,0,128
5188,452984832,1,0,128
5189,536870912,3,0,128
5190,318767104,3,0,128
5191,536870912,3,0,128
5192,889192448,2,0,128
5193,419430400,5,0,128
5194,603979776,4,0,128
5195,369098752,7,0,128
5196,352321536,2,0,128
5197,587202560,1,0,128
5198,637534208,11,0,128
5199,570425344,7,0,128
5200,419430400,9,0,128
5201,536870912,3,0,128
5202,469762048,0,0,128
5203,671088640,6,0,128
5204,788529152,1,0,128
5205,184549376,0,0,128
5206,352321536,2,0,128
5207,889192448,5,0,128
5208,234881024,3,0,128
5209,503316480,3,0,128
5210,771751936,7,0,128
5211,318767104,5,0,128
5212,889192448,3,0,128
5213,352321536,1,0,128
5214,167772160,1,0,128
5215,536870912,5,0,128
5216,1040187392,5,0,128
5217,503316480,2,0,128
5218,503316480,5,0,128
5219,184549376,3,0,128
5220,503316480,3,0,128
5221,771751936,5,0,128
5222,603979776,6,0,128
5223,503316480,4,0,128
5224,452984832,4,0,128
5225,436207616,4,0,128
5226,452984832,2,0,128
5227,654311424,6,0,128
5228,385875968,4,0,128
5229,905969664,9,0,128
5230,503316480,6,0,128
5231,234881024,1,0,128
5232,285212672,1,0,128
5233,1006632960,9,0,128
5234,469762048,5,0,128
5235,570425344,3,0,128
5236,385875968,1,0,128
5237,352321536,3,0,128
5238,637534208,7,0,128
5239,721420288,1,0,128
5240,369098752,5,0,128
5241,301989888,0,0,128
5242,956301312,4,0,128
5243,268435456,3,0,128
5244,436207616,3,0,128
5245,838860800,9,0,128
5246,352321536,2,0,128
5247,452984832,5,0,128
5248,570425344,3,0,128
5249,553648128,4,0,128
5250,469762048,3,0,128
5251,855638016,8,0,128
5252,335544320,1,0,128
5253,486539264,2,0,128
5254,419430400,5,0,128
5255,503316480,5,0,128
5256,620756992,4,0,128
5257,637534208,4,0,128
5258,553648128,3,0,128
5259,520093696,5,0,128
5260,335544320,0,0,128
5261,570425344,4,0,128
5262,452984832,3,0,128
5263,603979776,4,0,128
5264,721420288,3,0,128
5265,268435456,2,0,128
5266,469762048,5,0,128
5267,872415232,9,0,128
5268,301989888,2,0,128
5269,620756992,9,0,128
5270,402653184,2,0,128
5271,268435456,4,0,128
5272,738197504,6,0,128
5273,738197504,4,0,128
5274,520093696,4,0,128
5275,419430400,2,0,128
5276,570425344,3,0,128
5277,352321536,2,0,128
5278,318767104,3,0,128
5279,788529152,7,0,128
5280,939524096,11,0,128
5281,268435456,2,0,128
5282,385875968,3,0,128
5283,536870912,2,0,128
5284,587202560,5,0,128
5285,369098752,3,0,128
5286,754974720,4,0,128
5287,520093696,2,0,128
5288,385875968,1,0,128
5289,654311424,3,0,128
5290,419430400,5,0,128
5291,369098752,2,0,128
5292,419430400,4,0,128
5293,1023410176,3,0,128
5294,369098752,7,0,128
5295,620756992,7,0,128
5296,369098752,5,0,128
5297,486539264,2,0,128
5298,335544320,1,0,128
5299,738197504,5,0,128
5300,620756992,2,0,128
5301,671088640,7,0,128
5302,234881024,1,0,128
5303,402653184,4,0,128
5304,654311424,5,0,128
5305,587202560,4,0,128
5306,503316480,1,0,128
5307,805306368,8,0,128
5308,150994944,3,0,128
5309,452984832,1,0,128
5310,956301312,10,0,128
5311,301989888,2,0,128
5312,318767104,1,0,128
5313,788529152,5,0,128
5314,268435456,1,0,128
5315,587202560,4,0,128
5316,989855744,7,0,128
5317,369098752,10,0,128
5318,268435456,1,0,128
5319,587202560,5,0,128
5320,419430400,2,0,128
5321,620756992,5,0,128
5322,788529152,4,0,128
5323,419430400,6,0,128
5324,335544320,3,0,128
5325,587202560,4,0,128
5326,452984832,4,0,128
5327,419430400,4,0,128
5328,754974720,1,0,128
5329,553648128,4,0,128
5330,469762048,1,0,128
5331,570425344,6,0,128
5332,385875968,3,0,128
5333,385875968,2,0,128
5334,771751936,4,0,128
5335,553648128,4,0,128
5336,553648128,6,0,128
5337,486539264,4,0,128
5338,335544320,2,0,128
5339,587202560,8,0,128
5340,536870912,4,0,128
5341,570425344,3,0,128
5342,620756992,5,0,128
5343,436207616,2,0,128
5344,536870912,1,0,128
5345,419430400,2,0,128
5346,536870912,7,0,128
5347,721420288,8,0,128
5348,436207616,4,0,128
5349,385875968,2,0,128
5350,637534208,3,0,128
5351,570425344,6,0,128
5352,352321536,6,0,128
5353,671088640,5,0,128
5354,486539264,4,0,128
5355,436207616,2,0,128
5356,637534208,7,0,128
5357,469762048,5,0,128
5358,553648128,3,0,128
5359,570425344,4,0,128
5360,402653184,1,0,128
5361,553648128,4,0,128
5362,620756992,2,0,128
5363,520093696,1,0,128
5364,486539264,6,0,128
5365,486539264,0,0,128
5366,486539264,6,0,128
5367,587202560,3,0,128
5368,553648128,4,0,128
5369,503316480,3,0,128
5370,587202560,6,0,128
5371,486539264,3,0,128
5372,402653184,3,0,128
5373,587202560,2,0,128
5374,654311424,1,0,128
5375,352321536,1,0,128
5376,687865856,7,0,128
5377,318767104,3,0,128
5378,536870912,6,0,128
5379,637534208,4,0,128
5380,536870912,6,0,128
5381,503316480,2,0,128
5382,452984832,5,0,128
5383,520093696,7,0,128
5384,503316480,9,0,128
5385,687865856,6,0,128
5386,503316480,6,0,128
5387,436207616,3,0,128
5388,520093696,5,0,128
5389,587202560,5,0,128
5390,486539264,5,0,128
5391,503316480,3,0,128
5392,654311424,2,0,128
5393,469762048,0,0,128
5394,402653184,2,0,128
5395,553648128,5,0,128
5396,587202560,3,0,128
5397,553648128,1,0,128
5398,553648128,5,0,128
5399,419430400,3,0,128
5400,553648128,5,0,128
5401,536870912,2,0,128
5402,536870912,2,0,128
5403,469762048,4,0,128
5404,704643072,4,0,128
5405,436207616,3,0,128
5406,419430400,3,0,128
5407,553648128,5,0,128
5408,553648128,5,0,128
5409,469762048,2,0,128
5410,536870912,7,0,128
5411,637534208,2,0,128
5412,402653184,4,0,128
5413,520093696,1,0,128
5414,637534208,5,0,128
5415,520093696,7,0,128
5416,486539264,8,0,128
5417,486539264,5,0,128
5418,486539264,7,0,128
5419,520093696,2,0,128
5420,671088640,2,0,128
5421,436207616,2,0,128
5422,570425344,4,0,128
5423,452984832,4,0,128
5424,369098752,4,0,128
5425,754974720,6,0,128
5426,553648128,4,0,128
5427,503316480,1,0,128
5428,436207616,1,0,128
5429,503316480,6,0,128
5430,536870912,6,0,128
5431,536870912,7,0,128
5432,603979776,6,0,128
5433,520093696,3,0,128
5434,452984832,1,0,128
5435,486539264,2,0,128
5436,587202560,2,0,128
5437,570425344,5,0,128
5438,385875968,4,0,128
5439,637534208,3,0,128
5440,486539264,4,0,128
5441,570425344,3,0,128
5442,469762048,4,0,128
5443,587202560,6,0,128
5444,536870912,7,0,128
5445,402653184,2,0,128
5446,452984832,3,0,128
5447,687865856,3,0,128
5448,587202560,3,0,128
5449,520093696,4,0,128
5450,419430400,2,0,128
5451,469762048,6,0,128
5452,654311424,2,0,128
5453,369098752,1,0,128
5454,587202560,3,0,128
5455,603979776,4,0,128
5456,486539264,3,0,128
5457,436207616,8,0,128
5458,553648128,8,0,128
5459,687865856,8,0,128
5460,352321536,5,0,128
5461,553648128,3,0,128
5462,536870912,3,0,128
5463,436207616,3,0,128
5464,603979776,3,0,128
5465,637534208,3,0,128
5466,536870912,2,0,128
5467,402653184,3,0,128
5468,486539264,6,0,128
5469,603979776,6,0,128
5470,469762048,4,0,128
5471,587202560,5,0,128
5472,469762048,2,0,128
5473,503316480,3,0,128
5474,570425344,4,0,128
5475,570425344,3,0,128
5476,486539264,3,0,128
5477,536870912,1,0,128
5478,486539264,4,0,128
5479,520093696,4,0,128
5480,570425344,5,0,128
5481,520093696,1,0,128
5482,486539264,4,0,128
5483,553648128,6,0,128
5484,520093696,6,0,128
5485,469762048,5,0,128
5486,603979776,5,0,128
5487,385875968,5,0,128
5488,654311424,4,0,128
5489,570425344,6,0,128
5490,352321536,2,0,128
5491,687865856,4,0,128
5492,486539264,2,0,128
5493,469762048,3,0,128
5494,553648128,3,0,128
5495,587202560,6,0,128
5496,469762048,6,0,128
5497,469762048,3,0,128
5498,469762048,1,0,128
5499,704643072,5,0,128
5500,469762048,4,0,128
5501,436207616,2,0,128
5502,637534208,5,0,128
5503,436207616,6,0,128
5504,654311424,2,0,128
5505,503316480,1,0,128
5506,452984832,3,0,128
5507,436207616,6,0,128
5508,553648128,3,0,128
5509,671088640,4,0,128
5510,603979776,6,0,128
5511,402653184,2,0,128
5512,335544320,3,0,128
5513,654311424,8,0,128
5514,553648128,5,0,128
5515,419430400,4,0,128
5516,620756992,4,0,128
5517,536870912,5,0,128
5518,520093696,1,0,128
5519,503316480,2,0,128
5520,570425344,3,0,128
5521,452984832,5,0,128
5522,520093696,2,0,128
5523,603979776,3,0,128
5524,536870912,5,0,128
5525,503316480,6,0,128
5526,452984832,6,0,128
5527,520093696,4,0,128
5528,654311424,2,0,128
5529,520093696,4,0,128
5530,469762048,4,0,128
5531,419430400,4,0,128
5532,637534208,7,0,128
5533,486539264,4,0,128
5534,503316480,4,0,128
5535,553648128,5,0,128
5536,536870912,1,0,128
5537,503316480,2,0,128
5538,503316480,5,0,128
5539,486539264,5,0,128
5540,637534208,5,0,128
5541,570425344,6,0,128
5542,469762048,1,0,128
5543,469762048,3,0,128
5544,436207616,3,0,128
5545,671088640,4,0,128
5546,486539264,4,0,128
5547,536870912,2,0,128
5548,536870912,4,0,128
5549,486539264,2,0,128
5550,553648128,8,0,128
5551,620756992,6,0,128
5552,369098752,1,0,128
5553,536870912,4,0,128
5554,503316480,2,0,128
5555,687865856,5,0,128
5556,385875968,4,0,128
5557,520093696,6,0,128
5558,587202560,2,0,128
5559,520093696,8,0,128
5560,419430400,4,0,128
5561,637534208,3,0,128
5562,553648128,2,0,128
5563,469762048,6,0,128
5564,503316480,3,0,128
5565,469762048,3,0,128
5566,620756992,2,0,128
5567,637534208,4,0,128
5568,436207616,2,0,128
5569,419430400,4,0,128
5570,553648128,4,0,128
5571,570425344,2,0,128
5572,486539264,7,0,128
5573,603979776,6,0,128
5574,419430400,4,0,128
5575,536870912,5,0,128
5576,620756992,3,0,128
5577,436207616,6,0,128
5578,486539264,2,0,128
5579,553648128,2,0,128
5580,570425344,3,0,128
5581,520093696,5,0,128
5582,520093696,7,0,128
5583,536870912,4,0,128
5584,486539264,3,0,128
5585,553648128,5,0,128
5586,452984832,5,0,128
5587,671088640,6,0,128
5588,452984832,4,0,128
5589,520093696,4,0,128
5590,469762048,3,0,128
5591,553648128,3,0,128
5592,536870912,2,0,128
5593,486539264,3,0,128
5594,503316480,2,0,128
5595,671088640,7,0,128
5596,436207616,3,0,128
5597,452984832,4,0,128
5598,671088640,4,0,128
5599,402653184,1,0,128
5600,503316480,2,0,128
5601,687865856,5,0,128
5602,335544320,3,0,128
5603,486539264,2,0,128
5604,838860800,3,0,128
5605,335544320,0,0,128
5606,469762048,3,0,128
5607,486539264,4,0,128
5608,637534208,8,0,128
5609,469762048,2,0,128
5610,536870912,7,0,128
5611,503316480,5,0,128
5612,520093696,4,0,128
5613,520093696,7,0,128
5614,452984832,7,0,128
5615,687865856,5,0,128
5616,503316480,4,0,128
5617,486539264,6,0,128
5618,536870912,3,0,128
5619,436207616,6,0,128
5620,553648128,3,0,128
5621,654311424,4,0,128
5622,402653184,1,0,128
5623,553648128,3,0,128
5624,553648128,6,0,128
5625,452984832,3,0,128
5626,536870912,8,0,128
5627,553648128,2,0,128
5628,536870912,2,0,128
5629,469762048,4,0,128
5630,620756992,4,0,128
5631,436207616,2,0,128
5632,503316480,2,0,128
5633,553648128,2,0,128
5634,587202560,5,0,128
5635,469762048,3,0,128
5636,520093696,2,0,128
5637,553648128,5,0,128
5638,520093696,3,0,128
5639,570425344,7,0,128
5640,436207616,1,0,128
5641,503316480,3,0,128
5642,570425344,6,0,128
5643,570425344,5,0,128
5644,536870912,4,0,128
5645,402653184,5,0,128
5646,469762048,3,0,128
5647,687865856,5,0,128
5648,436207616,5,0,128
5649,620756992,3,0,128
5650,452984832,5,0,128
5651,436207616,1,0,128
5652,687865856,2,0,128
5653,469762048,4,0,128
5654,452984832,3,0,128
5655,637534208,6,0,128
5656,402653184,5,0,128
5657,469762048,6,0,128
5658,687865856,5,0,128
5659,452984832,2,0,128
5660,452984832,3,0,128
5661,738197504,4,0,128
5662,318767104,2,0,128
5663,536870912,4,0,128
5664,587202560,4,0,128
5665,587202560,5,0,128
5666,469762048,6,0,128
5667,587202560,5,0,128
5668,352321536,1,0,128
5669,486539264,4,0,128
5670,620756992,6,0,128
5671,587202560,6,0,128
5672,486539264,4,0,128
5673,469762048,3,0,128
5674,637534208,2,0,128
5675,452984832,2,0,128
5676,587202560,2,0,128
5677,553648128,2,0,128
5678,285212672,4,0,128
5679,738197504,7,0,128
5680,520093696,4,0,128
5681,402653184,2,0,128
5682,654311424,9,0,128
5683,419430400,3,0,128
5684,503316480,2,0,128
5685,687865856,7,0,128
5686,469762048,3,0,128
5687,419430400,4,0,128
5688,486539264,3,0,128
5689,687865856,3,0,128
5690,469762048,2,0,128
5691,503316480,2,0,128
5692,520093696,8,0,128
5693,486539264,4,0,128
5694,570425344,1,0,128
5695,671088640,6,0,128
5696,369098752,3,0,128
5697,419430400,5,0,128
5698,671088640,5,0,128
5699,436207616,2,0,128
5700,654311424,6,0,128
